Code,DisplayName,CodeSystem
791000124107,2-methyl-3-hydroxybutyric aciduria,SNOMED
241154007,Abdominal angina,SNOMED
230648001,Abdominal cutaneous nerve entrapment syndrome,SNOMED
783161005,ABri amyloidosis,SNOMED
1085131000119105,Abscess of intestine co-occurrent and due to chronic ulcerative pancolitis,SNOMED
1085181000119106,Abscess of intestine co-occurrent and due to chronic ulcerative proctitis,SNOMED
1085231000119100,Abscess of intestine co-occurrent and due to chronic ulcerative rectosigmoiditis,SNOMED
303571000119103,Acquired cauliflower ear of left auricle,SNOMED
303581000119100,Acquired cauliflower ear of right auricle,SNOMED
2772003,Acquired epidermolysis bullosa,SNOMED
1304122006,Acquired progressive esotropia due to high myopia,SNOMED
77039003,Acquired progressive kinking of hair,SNOMED
403975006,Acquired progressive lymphangioma,SNOMED
201015007,Actinic prurigo,SNOMED
52636001,Actinic reticuloid,SNOMED
402993003,Actinomycetoma caused by Actinomadura madurae,SNOMED
402994009,Actinomycetoma caused by Actinomadura pelletieri,SNOMED
402986002,Actinomycetoma caused by Nocardia asteroides,SNOMED
402985003,Actinomycetoma caused by Nocardia brasiliensis,SNOMED
402129006,Actinomycetoma caused by Nocardia infection,SNOMED
402987006,Actinomycetoma caused by Nocardia otitidis caviarum,SNOMED
402995005,Actinomycetoma caused by Streptomyces somaliensis,SNOMED
237085007,Actinomycotic cervicitis,SNOMED
186397005,Actinomycotic madura foot,SNOMED
187089001,Actinomycotic mycetoma,SNOMED
396337009,Acute and chronic gastritis,SNOMED
442025000,Acute exacerbation of chronic asthmatic bronchitis,SNOMED
425748003,Acute exacerbation of chronic bronchitis,SNOMED
191548004,Acute exacerbation of chronic catatonic schizophrenia,SNOMED
698296002,Acute exacerbation of chronic congestive heart failure,SNOMED
1296659009,Acute exacerbation of chronic heart failure,SNOMED
195951007,Acute exacerbation of chronic obstructive airways disease,SNOMED
293241000119100,Acute exacerbation of chronic obstructive bronchitis,SNOMED
191555002,Acute exacerbation of chronic paranoid schizophrenia,SNOMED
191572009,Acute exacerbation of chronic schizoaffective schizophrenia,SNOMED
191531007,Acute exacerbation of chronic schizophrenia,SNOMED
1751000119100,Acute exacerbation of COPD with asthma,SNOMED
789574002,Acute exacerbation of idiopathic pulmonary fibrosis,SNOMED
402327004,Acute generalised pustular flare of preexisting plaque psoriasis,SNOMED
285381006,Acute infective exacerbation of COPD,SNOMED
368871000119106,Acute nephritic syndrome co-occurrent and due to membranoproliferative glomerulonephritis type III,SNOMED
713370005,Acute on chronic alcoholic liver disease,SNOMED
702717000,Acute on chronic cervicitis,SNOMED
1084851000119106,Acute on chronic cholangitis due to calculus of bile duct,SNOMED
153951000119103,Acute on chronic combined systolic and diastolic heart failure,SNOMED
707834009,Acute on chronic cystitis,SNOMED
443344007,Acute on chronic diastolic heart failure,SNOMED
702716009,Acute on chronic endometritis,SNOMED
128621000119106,Acute on chronic graft versus host disease following transplant of kidney,SNOMED
1144963000,Acute on chronic graft-versus-host disease,SNOMED
7361000175106,Acute on chronic hypercapnic respiratory failure,SNOMED
20091000175107,Acute on chronic hypoxemic and hypercapnic respiratory failure,SNOMED
10672271000119100,Acute on chronic hypoxemic respiratory failure,SNOMED
2053831000122108,Acute on chronic liver failure,SNOMED
721724009,Acute on chronic pancreatitis,SNOMED
1263771009,Acute on chronic pelvic inflammatory disease,SNOMED
702715008,Acute on chronic prostatitis,SNOMED
16838951000119100,Acute on chronic right-sided congestive heart failure,SNOMED
702714007,Acute on chronic sialoadenitis,SNOMED
443253003,Acute on chronic systolic heart failure,SNOMED
702718005,Acute on chronic tubulointerstitial nephritis,SNOMED
16024431000119108,Acute polyarticular juvenile idiopathic arthritis,SNOMED
230372003,Acute relapsing multiple sclerosis,SNOMED
314017009,Acute-on-chronic glaucoma,SNOMED
236582008,Acute-on-chronic rejection of renal transplant,SNOMED
236433006,Acute-on-chronic renal failure,SNOMED
67905004,Acute-on-chronic respiratory failure,SNOMED
236649000,Acute-on-chronic retention of urine,SNOMED
402219005,Acute-on-chronic vesicular eczema of feet,SNOMED
402221000,Acute-on-chronic vesicular eczema of hands,SNOMED
402220004,Acute-on-chronic vesicular eczema of hands and feet,SNOMED
783258000,ADan amyloidosis,SNOMED
1172694007,Adenylosuccinate synthetase-like 1-related distal myopathy,SNOMED
7699004,Adhesive middle ear disease,SNOMED
31700001,Adhesive middle ear disease with adhesions of drum head to incus,SNOMED
39222009,Adhesive middle ear disease with adhesions of drum head to promontorium,SNOMED
20916007,Adhesive middle ear disease with adhesions of drum head to stapes,SNOMED
1088241000119102,Adhesive otitis media of left middle ear,SNOMED
1090851000119102,Adhesive otitis media of right middle ear,SNOMED
51068008,Adult bronchiectasis,SNOMED
784392009,Adult chronic idiopathic neutropenia,SNOMED
1251433009,Adult chronic lichenified atopic dermatitis,SNOMED
402423004,Adult lichen sclerosus,SNOMED
62009002,Adult neuronal ceroid lipofuscinosis,SNOMED
240065009,Adult onset autosomal recessive muscular dystrophy with normal dystrophin,SNOMED
239920006,Adult onset Still's disease,SNOMED
1389253003,Adult progressive post haemorrhagic ventricular dilatation,SNOMED
85505000,Adult spinal muscular atrophy,SNOMED
232049001,Adult vitelliform macular dystrophy,SNOMED
785302009,Adult-onset autosomal recessive cerebellar ataxia,SNOMED
725464001,Adult-onset chronic progressive external ophthalmoplegia with mitochondrial myopathy,SNOMED
770792007,Adult-onset distal myopathy due to valosin containing protein mutation,SNOMED
1299152003,"Adult-onset progressive leukoencephalopathy, early-onset deafness",SNOMED
1366414003,Adult-onset Steinert myotonic dystrophy,SNOMED
123717006,Advanced cirrhosis,SNOMED
236552002,Adynamic bone disease,SNOMED
230301006,Akinetic-rigid form of Huntington's disease,SNOMED
235952002,Alcohol-induced chronic pancreatitis,SNOMED
420054005,Alcoholic cirrhosis,SNOMED
1228881003,ALECT2 amyloidosis,SNOMED
81854007,Alexander disease,SNOMED
1259106002,Alexander disease type I,SNOMED
1332388003,Alexander disease type II,SNOMED
702327009,Allan-Herndon-Dudley syndrome,SNOMED
783770002,Alpha-B crystallin-related late-onset myopathy,SNOMED
230280008,Alzheimer's disease with progressive aphasia,SNOMED
1201863001,Amyotrophic lateral sclerosis type 1,SNOMED
1208412003,Amyotrophic lateral sclerosis type 10,SNOMED
1201950008,Amyotrophic lateral sclerosis type 3,SNOMED
784341001,Amyotrophic lateral sclerosis type 4,SNOMED
1204334005,Amyotrophic lateral sclerosis type 6,SNOMED
1204349002,Amyotrophic lateral sclerosis type 7,SNOMED
1204350002,Amyotrophic lateral sclerosis type 8,SNOMED
1204351003,Amyotrophic lateral sclerosis type 9,SNOMED
838276009,"Amyotrophic lateral sclerosis, parkinsonism, dementia complex",SNOMED
1259123006,"Amyotrophic lateral sclerosis, parkinsonism, dementia complex of Kii Peninsula",SNOMED
1259121008,"Amyotrophic lateral sclerosis, parkinsonism, dementia complex of West New Guinea",SNOMED
691421000119108,Anaemia co-occurrent and due to chronic kidney disease stage 3,SNOMED
707324008,Anaemia in end stage renal disease,SNOMED
49708008,Anaemia of chronic renal failure,SNOMED
111362001,Anal furunculosis,SNOMED
59400006,Analgesic nephropathy,SNOMED
1801000119106,"Anemia, pre-end stage renal disease on erythropoietin protocol",SNOMED
720986005,"Anhidrotic ectodermal dysplasia, immunodeficiency, osteopetrosis, lymphoedema syndrome",SNOMED
403566002,Anogenital lichen sclerosus,SNOMED
10692761000119107,Asthma-chronic obstructive pulmonary disease overlap syndrome,SNOMED
1204191007,Asymptomatic chronic arterial occlusive disease,SNOMED
43814000,Atelosteogenesis,SNOMED
725141006,Atelosteogenesis type 1,SNOMED
254055004,Atelosteogenesis type 2,SNOMED
725142004,Atelosteogenesis type 3,SNOMED
789657008,ATPase cation transporting 13A2 related juvenile neuronal ceroid lipofuscinosis,SNOMED
266356006,Atrophic (senile) emphysema,SNOMED
42740008,Atrophic fundic gland gastritis,SNOMED
84568007,Atrophic gastritis,SNOMED
1351677008,Atrophic Hashimoto thyroiditis,SNOMED
15445004,Atrophic nonerosive nonspecific gastritis,SNOMED
63866002,Atrophic pharyngitis,SNOMED
28111002,Atrophic rhinitis,SNOMED
3308008,Atrophic-hyperplastic gastritis,SNOMED
725146001,Atypical juvenile parkinsonism,SNOMED
722964001,Atypical Parkinsonism,SNOMED
1156790008,Atypical progressive supranuclear palsy syndrome,SNOMED
1197704005,Autoantibody negative autoimmune hepatitis,SNOMED
718716008,Autoimmune haemolytic anaemia mixed type,SNOMED
829973009,Autoinflammatory syndrome with pyogenic bacterial infection and amylopectinosis,SNOMED
1365687001,Autoinflammatory syndrome with pyogenic bacterial infection and amylopectinosis due to HOIP deficiency,SNOMED
1259083006,Autonomic disorder due to multiple sclerosis,SNOMED
784391002,Autosomal dominant adult-onset proximal spinal muscular atrophy,SNOMED
1197523001,Autosomal dominant amyotrophic lateral sclerosis type 1,SNOMED
1172684002,Autosomal dominant Charcot-Marie-Tooth disease type 2 due to DGAT2 mutation,SNOMED
782829002,Autosomal dominant Charcot-Marie-Tooth disease type 2O,SNOMED
773393001,Autosomal dominant Charcot-Marie-Tooth disease type 2Q,SNOMED
1259038005,Autosomal dominant complex hereditary spastic paraplegia,SNOMED
763067000,Autosomal dominant congenital benign spinal muscular atrophy,SNOMED
1010712009,Autosomal dominant Emery-Dreifuss muscular dystrophy,SNOMED
444977005,Autosomal dominant focal segmental glomerulosclerosis,SNOMED
737227004,Autosomal dominant hereditary spastic paraplegia,SNOMED
716662004,Autosomal dominant late onset Parkinson disease,SNOMED
719987009,Autosomal dominant limb girdle muscular dystrophy type 1D,SNOMED
719988004,Autosomal dominant limb girdle muscular dystrophy type 1E,SNOMED
719989007,Autosomal dominant limb girdle muscular dystrophy type 1F,SNOMED
719990003,Autosomal dominant limb girdle muscular dystrophy type 1G,SNOMED
771334000,Autosomal dominant limb-girdle muscular dystrophy type 1H,SNOMED
1222644009,Autosomal dominant mitochondrial myopathy with exercise intolerance,SNOMED
240075007,Autosomal dominant muscular dystrophy not predominantly limb girdle,SNOMED
240068006,Autosomal dominant muscular dystrophy with gene located at 5q31,SNOMED
240067001,Autosomal dominant muscular dystrophy with limb girdle distribution,SNOMED
770791000,Autosomal dominant neovascular inflammatory vitreoretinopathy,SNOMED
1264041000,Autosomal dominant osteopetrosis type 1,SNOMED
725050005,Autosomal dominant osteopetrosis type 2,SNOMED
827115000,Autosomal dominant progressive external ophthalmoplegia,SNOMED
1156857003,Autosomal dominant progressive external ophthalmoplegia type 1,SNOMED
1156858008,Autosomal dominant progressive external ophthalmoplegia type 2,SNOMED
1156855006,Autosomal dominant progressive external ophthalmoplegia type 3,SNOMED
1156856007,Autosomal dominant progressive external ophthalmoplegia type 4,SNOMED
1156853004,Autosomal dominant progressive external ophthalmoplegia type 5,SNOMED
732948003,Autosomal dominant spastic paraplegia type 10,SNOMED
763374004,Autosomal dominant spastic paraplegia type 12,SNOMED
783698005,Autosomal dominant spastic paraplegia type 13,SNOMED
763375003,Autosomal dominant spastic paraplegia type 19,SNOMED
733029008,Autosomal dominant spastic paraplegia type 29,SNOMED
782670003,Autosomal dominant spastic paraplegia type 3,SNOMED
763068005,Autosomal dominant spastic paraplegia type 31,SNOMED
723819007,Autosomal dominant spastic paraplegia type 36,SNOMED
763369007,Autosomal dominant spastic paraplegia type 37,SNOMED
783622001,Autosomal dominant spastic paraplegia type 38,SNOMED
723820001,Autosomal dominant spastic paraplegia type 4,SNOMED
763069002,Autosomal dominant spastic paraplegia type 41,SNOMED
763070001,Autosomal dominant spastic paraplegia type 42,SNOMED
732949006,Autosomal dominant spastic paraplegia type 6,SNOMED
1187468005,Autosomal dominant spastic paraplegia type 73,SNOMED
1375927000,Autosomal dominant spastic paraplegia type 79A,SNOMED
785305006,Autosomal dominant spastic paraplegia type 8,SNOMED
1187465008,Autosomal dominant spastic paraplegia type 9A,SNOMED
1187466009,Autosomal dominant spastic paraplegia type 9B,SNOMED
1197524007,Autosomal recessive amyotrophic lateral sclerosis type 1,SNOMED
1237625002,Autosomal recessive cerebellar ataxia due to CWF19L1 deficiency,SNOMED
773498006,"Autosomal recessive cerebellar ataxia, epilepsy, intellectual disability syndrome due to TUD deficiency",SNOMED
783060009,"Autosomal recessive cerebellar ataxia, psychomotor delay syndrome",SNOMED
1186734006,Autosomal recessive complex spastic paraplegia due to Kennedy pathway dysfunction,SNOMED
1156848009,Autosomal recessive Emery-Dreifuss muscular dystrophy,SNOMED
1156822001,Autosomal recessive familial Parkinson disease,SNOMED
445388002,Autosomal recessive focal segmental glomerulosclerosis,SNOMED
1187279003,Autosomal recessive hereditary spastic paraplegia,SNOMED
1342372000,Autosomal recessive hyper-IgE syndrome due to ZNF341 deficiency,SNOMED
770901001,"Autosomal recessive intellectual disability, motor dysfunction, multiple joint contracture syndrome",SNOMED
773414009,Autosomal recessive intermediate Charcot-Marie-Tooth disease type C,SNOMED
1222704008,Autosomal recessive lethal neonatal axonal sensorimotor polyneuropathy,SNOMED
715341003,Autosomal recessive limb girdle muscular dystrophy type 2A,SNOMED
718179003,Autosomal recessive limb girdle muscular dystrophy type 2B,SNOMED
718176005,Autosomal recessive limb girdle muscular dystrophy type 2C,SNOMED
715340002,Autosomal recessive limb girdle muscular dystrophy type 2D,SNOMED
718850008,Autosomal recessive limb girdle muscular dystrophy type 2E,SNOMED
718177001,Autosomal recessive limb girdle muscular dystrophy type 2F,SNOMED
720522001,Autosomal recessive limb girdle muscular dystrophy type 2G,SNOMED
718180000,Autosomal recessive limb girdle muscular dystrophy type 2I,SNOMED
725042001,Autosomal recessive limb girdle muscular dystrophy type 2J,SNOMED
720523006,Autosomal recessive limb girdle muscular dystrophy type 2K,SNOMED
726616006,Autosomal recessive limb girdle muscular dystrophy type 2L,SNOMED
726618007,Autosomal recessive limb girdle muscular dystrophy type 2M,SNOMED
726617002,Autosomal recessive limb girdle muscular dystrophy type 2N,SNOMED
725043006,Autosomal recessive limb girdle muscular dystrophy type 2O,SNOMED
726614009,Autosomal recessive limb girdle muscular dystrophy type 2P,SNOMED
726615005,Autosomal recessive limb girdle muscular dystrophy type 2Q,SNOMED
732929002,Autosomal recessive limb girdle muscular dystrophy type 2S,SNOMED
732930007,Autosomal recessive limb girdle muscular dystrophy type 2T,SNOMED
783554002,Autosomal recessive limb girdle muscular dystrophy type 2U,SNOMED
725907002,Autosomal recessive limb girdle muscular dystrophy type 2Y,SNOMED
771302009,Autosomal recessive lower motor neuron disease with childhood onset,SNOMED
240073000,Autosomal recessive muscular dystrophy not predominantly limb girdle,SNOMED
240055003,Autosomal recessive muscular dystrophy with abnormal dystrophin-associated glycoprotein,SNOMED
240054004,Autosomal recessive muscular dystrophy with limb girdle distribution,SNOMED
764812008,Autosomal recessive myogenic arthrogryposis multiplex congenita,SNOMED
827117008,Autosomal recessive progressive external ophthalmoplegia,SNOMED
715491000,Autosomal recessive spastic paraplegia type 11,SNOMED
783094006,Autosomal recessive spastic paraplegia type 14,SNOMED
764686003,Autosomal recessive spastic paraplegia type 15,SNOMED
732932004,Autosomal recessive spastic paraplegia type 18,SNOMED
764734003,Autosomal recessive spastic paraplegia type 21,SNOMED
726608002,Autosomal recessive spastic paraplegia type 23,SNOMED
785304005,Autosomal recessive spastic paraplegia type 24,SNOMED
732933009,Autosomal recessive spastic paraplegia type 25,SNOMED
726607007,Autosomal recessive spastic paraplegia type 26,SNOMED
778030005,Autosomal recessive spastic paraplegia type 27,SNOMED
763376002,Autosomal recessive spastic paraplegia type 28,SNOMED
726606003,Autosomal recessive spastic paraplegia type 32,SNOMED
764688002,Autosomal recessive spastic paraplegia type 35,SNOMED
719103009,Autosomal recessive spastic paraplegia type 39,SNOMED
764736001,Autosomal recessive spastic paraplegia type 43,SNOMED
723821002,Autosomal recessive spastic paraplegia type 44,SNOMED
765753004,Autosomal recessive spastic paraplegia type 45,SNOMED
723822009,Autosomal recessive spastic paraplegia type 46,SNOMED
763367009,Autosomal recessive spastic paraplegia type 48,SNOMED
723823004,Autosomal recessive spastic paraplegia type 53,SNOMED
723824005,Autosomal recessive spastic paraplegia type 54,SNOMED
723825006,Autosomal recessive spastic paraplegia type 55,SNOMED
783764008,Autosomal recessive spastic paraplegia type 56,SNOMED
723826007,Autosomal recessive spastic paraplegia type 57,SNOMED
770720005,Autosomal recessive spastic paraplegia type 58,SNOMED
773425000,Autosomal recessive spastic paraplegia type 59,SNOMED
763373005,Autosomal recessive spastic paraplegia type 5A,SNOMED
782746009,Autosomal recessive spastic paraplegia type 60,SNOMED
726611001,Autosomal recessive spastic paraplegia type 61,SNOMED
765045003,Autosomal recessive spastic paraplegia type 62,SNOMED
726610000,Autosomal recessive spastic paraplegia type 63,SNOMED
726609005,Autosomal recessive spastic paraplegia type 64,SNOMED
782747000,Autosomal recessive spastic paraplegia type 66,SNOMED
766767001,Autosomal recessive spastic paraplegia type 67,SNOMED
782725000,Autosomal recessive spastic paraplegia type 69,SNOMED
770724001,Autosomal recessive spastic paraplegia type 70,SNOMED
782726004,Autosomal recessive spastic paraplegia type 71,SNOMED
1187191003,Autosomal recessive spastic paraplegia type 74,SNOMED
1187470001,Autosomal recessive spastic paraplegia type 75,SNOMED
1172631001,Autosomal recessive spastic paraplegia type 76,SNOMED
1187506008,Autosomal recessive spastic paraplegia type 77,SNOMED
1177168007,Autosomal recessive spastic paraplegia type 78,SNOMED
1187467000,Autosomal recessive spastic paraplegia type 9B,SNOMED
763377006,Autosomal spastic paraplegia type 30,SNOMED
782727008,Autosomal spastic paraplegia type 72,SNOMED
773333003,Autosomal systemic lupus erythematosus,SNOMED
197303009,Bacterial portal cirrhosis,SNOMED
198033005,Balanitis xerotica obliterans,SNOMED
26121002,Balkan nephropathy,SNOMED
91586009,Bancroftian elephantiasis,SNOMED
387732009,Becker muscular dystrophy,SNOMED
240078009,Benign congenital muscular dystrophy with finger flexion contractures,SNOMED
230256009,Benign monomelic amyotrophy,SNOMED
1263539004,Benign monomelic amyotrophy of lower limb,SNOMED
1263540002,Benign monomelic amyotrophy of upper limb,SNOMED
438511000,Benign multiple sclerosis,SNOMED
240076008,Benign scapuloperoneal muscular dystrophy,SNOMED
763387005,Best vitelliform macular dystrophy,SNOMED
718572004,Bethlem myopathy,SNOMED
1083121000119106,Bilateral adhesive otitis media of middle ears,SNOMED
1083361000119103,Bilateral auditory canal chronic non-infective otitis externa,SNOMED
1083261000119107,Bilateral chronic allergic otitis media of middle ears,SNOMED
346801000119106,Bilateral chronic anterior uveitis of eyes,SNOMED
1083271000119101,Bilateral chronic atticoantral suppurative otitis media,SNOMED
346851000119105,Bilateral chronic conjunctivitis of eyes,SNOMED
346841000119108,Bilateral chronic dacryoadenitis of eyes,SNOMED
346831000119104,Bilateral chronic dacryocystitis of lacrimal sacs,SNOMED
15708561000119103,Bilateral chronic deep vein thrombosis of upper limbs following procedure,SNOMED
58341661000119101,Bilateral chronic deep venous thrombosis of peroneal veins,SNOMED
15678401000119100,Bilateral chronic endophthalmitis,SNOMED
346821000119102,Bilateral chronic follicular conjunctivitis,SNOMED
346811000119109,Bilateral chronic giant papillary conjunctivitis of eyes,SNOMED
346791000119105,Bilateral chronic iritis,SNOMED
346781000119107,Bilateral chronic lacrimal canaliculitis of eyes,SNOMED
346771000119109,Bilateral chronic lacrimal gland enlargement,SNOMED
346761000119103,Bilateral chronic lacrimal mucocele,SNOMED
1083321000119108,Bilateral chronic mastoiditis,SNOMED
872870431000119102,Bilateral chronic nontraumatic slipped upper femoral epiphyses,SNOMED
1083341000119102,Bilateral chronic otitis externa of external auditory canals caused by fungus,SNOMED
1083401000119107,Bilateral chronic otitis media of ears following insertion of tympanic ventilation tube,SNOMED
1083291000119100,Bilateral chronic perichondritis of external ears,SNOMED
16016431000119108,Bilateral chronic rupture of anterior cruciate ligament of knees,SNOMED
1083421000119103,Bilateral chronic serosanguineous otitis media of middle ears,SNOMED
194248004,Bilateral chronic serous otitis,SNOMED
1083431000119100,Bilateral chronic suppurative otitis media of middle ears,SNOMED
16040031000119108,Bilateral chronic tophaceous gout of elbows,SNOMED
16040071000119106,Bilateral chronic tophaceous gout of hands,SNOMED
1083351000119100,Bilateral chronic tympanitis,SNOMED
346341000119103,Bilateral degenerative progressive high myopia of eyes,SNOMED
346131000119105,Bilateral essential iris atrophy,SNOMED
1083381000119107,Bilateral external auditory canal chronic otitis externa,SNOMED
680291000119102,Bilateral Fuchs' heterochromic cyclitis,SNOMED
16907601000119106,Bilateral hemifacial spasm,SNOMED
1083331000119106,Bilateral middle ear chronic mucoid otitis media,SNOMED
748639361000119108,Bilateral nontraumatic acute-on-chronic slipped upper femoral epiphyses,SNOMED
344801000119103,Bilateral orbital granuloma,SNOMED
344261000119101,Bilateral progressive external ophthalmoplegia,SNOMED
344551000119101,Bilateral progressive peripheral pterygium of eyes,SNOMED
15628731000119103,Bilateral Sorsby pseudoinflammatory fundus dystrophy,SNOMED
172218281000119101,Bilateral stable nontraumatic chronic slipped upper femoral epiphyses,SNOMED
16052471000119103,Bilateral tendinosis of biceps brachii,SNOMED
16052351000119101,Bilateral tendinosis of knees,SNOMED
16052671000119100,Bilateral tendinosis of shoulder,SNOMED
772948901000119104,Bilateral tendinosis of wrists,SNOMED
514154541000119109,Bilateral unstable nontraumatic acute on chronic slipped upper femoral epiphyses,SNOMED
1761006,Biliary cirrhosis,SNOMED
197310003,Biliary cirrhosis of children,SNOMED
45814002,Birnbaum's syndrome,SNOMED
1263460007,Birt Hogg Dubé syndrome,SNOMED
254054000,Boomerang dysplasia,SNOMED
238413001,Botryomycosis,SNOMED
715984007,Boucher Neuhäuser syndrome,SNOMED
1259051000,Brachial variant of chronic immune demyelinating polyradiculoneuropathy,SNOMED
69186005,Broad ligament laceration syndrome,SNOMED
70756004,Bronchial atresia with segmental pulmonary emphysema,SNOMED
233632003,Bronchiectasis due to aspiration of toxic substance,SNOMED
233633008,Bronchiectasis due to inhalation of toxic substance,SNOMED
762618008,Bronchiolitis obliterans syndrome due to and after lung transplantation,SNOMED
1177120001,Bronchiolitis obliterans syndrome following allogeneic stem cell transplant,SNOMED
67569000,Bronchopulmonary dysplasia of newborn,SNOMED
1148891004,Bullous diffuse cutaneous mastocytosis,SNOMED
266355005,Bullous emphysema with collapse,SNOMED
402422009,Bullous extragenital lichen sclerosus,SNOMED
404170009,Bullous urticaria pigmentosa,SNOMED
1179295004,BVES-related limb girdle muscular dystrophy,SNOMED
236412002,C1q nephropathy,SNOMED
1336119008,C4 (complement component 4) glomerulopathy,SNOMED
301009006,Calcific chronic pancreatitis,SNOMED
91316003,Calculus of bile duct with chronic cholecystitis,SNOMED
15082003,Calculus of bile duct with chronic cholecystitis with obstruction,SNOMED
68368005,Calculus of common bile duct with chronic cholecystitis,SNOMED
12932003,Calculus of common bile duct with chronic cholecystitis with obstruction,SNOMED
1279886003,Calpain-3-related limb girdle muscular dystrophy D4,SNOMED
715624006,CANOMAD syndrome,SNOMED
197296006,Capsular portal cirrhosis,SNOMED
74669004,Cardiac cirrhosis,SNOMED
266470007,Cardiac portal cirrhosis,SNOMED
7138005,Caries of mastoid,SNOMED
28072004,Cauliflower ear,SNOMED
277286006,Central post-stroke pain,SNOMED
68328006,Centriacinar emphysema,SNOMED
1236804009,Cerebellar ataxia with neuropathy and bilateral vestibular areflexia syndrome,SNOMED
1217230002,Cerebellar ataxia with oculomotor apraxia type 4,SNOMED
240659008,Chagas' mega disease,SNOMED
771307003,Charcot-Marie-Tooth disease type 2B5,SNOMED
782826009,Charcot-Marie-Tooth disease type 2P,SNOMED
12310001,Childhood bronchiectasis,SNOMED
1251392002,Childhood chronic lichenified atopic dermatitis,SNOMED
402424005,Childhood lichen sclerosus,SNOMED
787172004,Childhood-onset autosomal recessive myopathy with external ophthalmoplegia,SNOMED
785301002,Childhood-onset autosomal recessive slowly progressive spinocerebellar ataxia,SNOMED
1172584005,Childhood-onset basal ganglia degeneration syndrome,SNOMED
1167373005,Childhood-onset motor and cognitive regression syndrome with extrapyramidal movement disorder,SNOMED
1197154006,Childhood-onset nemaline myopathy,SNOMED
1187251009,"Childhood-onset progressive contractures, limb girdle weakness, muscle dystrophy syndrome",SNOMED
773492007,Childhood-onset spasticity with hyperglycinaemia,SNOMED
1366415002,Childhood-onset Steinert myotonic dystrophy,SNOMED
716238003,Chitty Hall Baraitser syndrome,SNOMED
123606000,Cholangiolitic cirrhosis,SNOMED
46341007,Cholecystitis glandularis proliferans,SNOMED
782882009,Chondrodysplasia with joint dislocations gPAPP type,SNOMED
26848004,Chorea acanthocytosis syndrome,SNOMED
31598002,Chronic abscess of areola,SNOMED
111422001,Chronic abscess of breast,SNOMED
77360001,Chronic abscess of broad ligament,SNOMED
64532005,Chronic abscess of female pelvis,SNOMED
73345000,Chronic abscess of jaw,SNOMED
109689009,Chronic abscess of mandible,SNOMED
109688001,Chronic abscess of maxilla,SNOMED
31474007,Chronic abscess of parametrium,SNOMED
91155009,Chronic abscess of pouch of Douglas,SNOMED
28590005,Chronic acquired lymphoedema,SNOMED
403001004,Chronic acquired mucocutaneous candidiasis,SNOMED
90414007,Chronic acquired pure red cell aplasia,SNOMED
787442004,Chronic active Epstein-Barr virus disease of T and natural killer cell type infection systemic form,SNOMED
197284004,Chronic active hepatitis,SNOMED
708198006,Chronic active hepatitis C,SNOMED
50167007,Chronic active type B viral hepatitis,SNOMED
66870002,Chronic active viral hepatitis,SNOMED
275487003,Chronic adenoid disease,SNOMED
232420002,Chronic adenoiditis,SNOMED
195798007,Chronic adenotonsillitis,SNOMED
84306007,Chronic adhesive pachymeningitis,SNOMED
42999000,Chronic adhesive pericarditis,SNOMED
1116000,Chronic aggressive type B viral hepatitis,SNOMED
89789003,Chronic aggressive viral hepatitis,SNOMED
191475009,Chronic alcoholic brain syndrome,SNOMED
307757001,Chronic alcoholic hepatitis,SNOMED
713181003,Chronic alcoholic liver disease,SNOMED
191813001,Chronic alcoholism in remission,SNOMED
89099002,Chronic allergic bronchitis,SNOMED
26045000,Chronic allergic conjunctivitis,SNOMED
232240007,Chronic allergic otitis externa,SNOMED
71958004,Chronic allergic otitis media,SNOMED
23874000,Chronic amoebiasis,SNOMED
191268006,Chronic anaemia,SNOMED
197152000,Chronic anal fissure,SNOMED
115940341000119100,Chronic anastomotic ulcer,SNOMED
17258002,Chronic anoxic encephalopathy,SNOMED
232393006,Chronic anterior ethmoidal sinusitis,SNOMED
398155003,Chronic anterior uveitis,SNOMED
341581000119106,Chronic anterior uveitis of left eye,SNOMED
335971000119100,Chronic anterior uveitis of right eye,SNOMED
1217704000,Chronic antibiotic-refractory pouchitis,SNOMED
89790007,Chronic antral gastritis,SNOMED
698352000,Chronic antral gastritis with haemorrhage,SNOMED
109603007,Chronic apical abscess,SNOMED
58997001,Chronic appendicitis,SNOMED
1255222000,Chronic appendicitis with perforation of appendix,SNOMED
736428003,Chronic arthralgia of temporomandibular joint,SNOMED
35908007,Chronic arthritis,SNOMED
68451005,Chronic arthritis due to gout,SNOMED
38850007,Chronic arthropathy,SNOMED
733170007,Chronic aspergillosis of paranasal sinus,SNOMED
195949008,Chronic asthmatic bronchitis,SNOMED
123713005,Chronic atelectasis,SNOMED
402230008,Chronic atopic dermatitis of hand,SNOMED
720507006,Chronic atrial and intestinal dysrhythmia,SNOMED
426749004,Chronic atrial fibrillation,SNOMED
425615007,Chronic atrial flutter,SNOMED
359757004,Chronic atrophic candidiasis,SNOMED
41954005,Chronic atticoantral suppurative otitis media,SNOMED
1088401000119103,Chronic atticoantral suppurative otitis media of left middle ear,SNOMED
1091011000119101,Chronic atticoantral suppurative otitis media of right middle ear,SNOMED
16098491000119109,Chronic autoimmune hepatitis,SNOMED
402399009,Chronic autoimmune urticaria,SNOMED
1119327001,Chronic axonal neuropathy,SNOMED
22462001,Chronic bacterial endocarditis,SNOMED
232225005,Chronic bacterial otitis externa,SNOMED
1354578009,Chronic bacterial prostatitis,SNOMED
234092007,Chronic bancroftian lymphadenitis,SNOMED
234418001,Chronic benign granulocytopenia,SNOMED
234423001,Chronic benign neutropenia,SNOMED
12421000132104,Chronic benzene poisoning,SNOMED
18121009,Chronic berylliosis,SNOMED
838378008,Chronic bilateral idiopathic vestibulopathy,SNOMED
722952009,Chronic bilateral vestibulopathy,SNOMED
838382005,Chronic bilateral vestibulopathy caused by ototoxic agent,SNOMED
838381003,Chronic bilateral vestibulopathy due to and following meningitis,SNOMED
838379000,Chronic bilateral vestibulopathy due to bilateral schwannoma,SNOMED
1197758001,Chronic bilirubin encephalopathy,SNOMED
51637008,"Chronic bipolar I disorder, most recent episode depressed",SNOMED
1196001,"Chronic bipolar II disorder, most recent episode major depressive",SNOMED
95751000,Chronic blepharitis,SNOMED
78689005,Chronic brain syndrome,SNOMED
15139001,Chronic brain-hydrocephalus syndrome,SNOMED
1149238005,Chronic bromine compound poisoning,SNOMED
737180005,Chronic bronchiolitis,SNOMED
63480004,Chronic bronchitis,SNOMED
785736001,Chronic bronchitis co-occurrent with wheeze,SNOMED
109250009,Chronic bullous dermatosis of childhood,SNOMED
195957006,Chronic bullous emphysema,SNOMED
109299008,Chronic bursitis,SNOMED
236456002,Chronic cadmium nephropathy,SNOMED
378483611000119105,Chronic candidal vulvovaginitis,SNOMED
812500731000119109,Chronic candidal vulvovaginitis during pregnancy,SNOMED
1142290000,Chronic candidiasis of intestine,SNOMED
309483341000119107,Chronic candidiasis of vagina,SNOMED
552461311000119108,Chronic candidiasis of vagina during maternal postpartum period,SNOMED
138841771000119103,Chronic candidiasis of vagina during pregnancy,SNOMED
258497601000119102,Chronic candidiasis of vulva,SNOMED
1149330000,Chronic carbon monoxide poisoning,SNOMED
1373674009,Chronic cardiorenal syndrome,SNOMED
195812001,Chronic catarrhal laryngitis,SNOMED
266342009,Chronic catarrhal rhinitis,SNOMED
68995007,Chronic catatonic schizophrenia,SNOMED
1163150009,Chronic cavitary pulmonary aspergillosis,SNOMED
39171000087109,Chronic central neuropathic pain due to brain injury,SNOMED
39181000087106,Chronic central neuropathic pain due to multiple sclerosis,SNOMED
39191000087108,Chronic central neuropathic pain due to spinal cord injury,SNOMED
312923002,Chronic central serous chorioretinopathy,SNOMED
314007004,Chronic central serous retinopathy with diffuse retinal pigment epithelial detachment,SNOMED
111298007,Chronic cerebral ischaemia,SNOMED
56728002,Chronic cervicitis,SNOMED
34543006,Chronic cervicitis with erosion,SNOMED
240658000,Chronic Chagas' disease,SNOMED
266404004,Chronic chemical respiratory disease,SNOMED
1217671004,Chronic chlamydial follicular conjunctivitis,SNOMED
71912000,Chronic cholangitis,SNOMED
1084901000119102,Chronic cholangitis due to bile duct calculus,SNOMED
1084911000119104,Chronic cholangitis due to bile duct calculus with obstruction,SNOMED
20824003,Chronic cholecystitis,SNOMED
1084931000119109,Chronic cholecystitis due to cholelithiasis co-occurrent with choledocholithiasis,SNOMED
1084971000119107,Chronic cholecystitis due to gallbladder calculus with obstruction,SNOMED
95559000,Chronic cholecystitis with calculus,SNOMED
53928001,Chronic cholecystitis without calculus,SNOMED
75066002,Chronic cholestatic jaundice syndrome,SNOMED
1217679002,Chronic cicatrising conjunctivitis caused by drug,SNOMED
1217675008,Chronic cicatrising conjunctivitis due to Stevens-Johnson syndrome,SNOMED
240801003,Chronic clonorchiasis,SNOMED
230473009,Chronic cluster headache,SNOMED
230475002,Chronic cluster headache evolved from episodic cluster headache,SNOMED
230474003,Chronic cluster headache unremitting from onset,SNOMED
240751001,Chronic coalescent cutaneous lobomycosis,SNOMED
28791000119105,Chronic coccidioidomycotic pneumonia,SNOMED
54597004,Chronic colitis,SNOMED
153941000119100,Chronic combined systolic and diastolic heart failure,SNOMED
280994000,Chronic confusional state,SNOMED
240551003,Chronic congenital cytomegalic inclusion disease,SNOMED
88805009,Chronic congestive heart failure,SNOMED
191382009,Chronic congestive splenomegaly,SNOMED
73762008,Chronic conjunctivitis,SNOMED
341631000119109,Chronic conjunctivitis of left eye,SNOMED
336021000119107,Chronic conjunctivitis of right eye,SNOMED
236069009,Chronic constipation,SNOMED
31499008,Chronic constipation with overflow,SNOMED
197120000,Chronic constipation without overflow,SNOMED
52535005,Chronic constrictive pericarditis,SNOMED
51221005,Chronic contact dermatitis,SNOMED
109261001,Chronic contact mucositis,SNOMED
50288007,Chronic copper poisoning,SNOMED
79955004,Chronic cor pulmonale,SNOMED
202925003,Chronic crepitant synovitis of hand and wrist,SNOMED
69521007,Chronic crepitant synovitis of wrist,SNOMED
1396677000,Chronic cutaneous lupus erythematosus,SNOMED
236522005,Chronic cyclosporin A nephrotoxicity,SNOMED
235661004,Chronic cystic gastritis,SNOMED
33655002,Chronic cystitis,SNOMED
4760008,Chronic dacryoadenitis,SNOMED
341621000119106,Chronic dacryoadenitis of left eye,SNOMED
336011000119100,Chronic dacryoadenitis of right eye,SNOMED
84627005,Chronic dacryocystitis,SNOMED
341611000119104,Chronic dacryocystitis of lacrimal sac of left eye,SNOMED
336001000119103,Chronic dacryocystitis of lacrimal sac of right eye,SNOMED
231842006,Chronic dacryocystitis with fistula formation,SNOMED
232325008,Chronic deafness,SNOMED
104758671000119101,Chronic deep vein thrombosis during pregnancy,SNOMED
293461000119100,Chronic deep vein thrombosis of left iliac vein,SNOMED
15712401000119100,Chronic deep vein thrombosis of left upper limb following coronary artery bypass graft,SNOMED
1287895005,Chronic deep vein thrombosis of left upper limb following procedure,SNOMED
709687000,Chronic deep vein thrombosis of pelvic vein,SNOMED
293451000119102,Chronic deep vein thrombosis of right iliac vein,SNOMED
15712321000119104,Chronic deep vein thrombosis of right upper limb following coronary artery bypass graft,SNOMED
1287896006,Chronic deep vein thrombosis of right upper limb following procedure,SNOMED
1365964007,Chronic deep vein thrombosis of upper limb following coronary artery bypass graft,SNOMED
15760351000119105,Chronic deep venous thrombosis,SNOMED
132131000119102,Chronic deep venous thrombosis of calf,SNOMED
132191000119103,Chronic deep venous thrombosis of femoral vein,SNOMED
132201000119100,Chronic deep venous thrombosis of iliofemoral vein,SNOMED
135011000119102,Chronic deep venous thrombosis of internal jugular vein,SNOMED
132141000119106,Chronic deep venous thrombosis of lower limb,SNOMED
132091000119104,Chronic deep venous thrombosis of lower limb due to and following coronary artery bypass grafting,SNOMED
132151000119108,Chronic deep venous thrombosis of popliteal vein,SNOMED
132171000119104,Chronic deep venous thrombosis of thigh,SNOMED
132161000119105,Chronic deep venous thrombosis of tibial vein,SNOMED
132221000119109,Chronic deep venous thrombosis of upper limb,SNOMED
136751000119108,Chronic deep venous thrombosis of upper limb as complication of procedure,SNOMED
92808004,Chronic degenerative aortic valve disease,SNOMED
196299008,Chronic dentine dental caries,SNOMED
192080009,Chronic depression,SNOMED
442057004,Chronic depressive personality disorder,SNOMED
1343683005,Chronic derangement of anterior horn of lateral meniscus,SNOMED
16017711000119105,Chronic derangement of anterior horn of lateral meniscus of bilateral knees,SNOMED
1343684004,Chronic derangement of anterior horn of lateral meniscus of left knee,SNOMED
1343685003,Chronic derangement of anterior horn of lateral meniscus of right knee,SNOMED
1371281002,Chronic derangement of medial meniscus,SNOMED
16017231000119106,Chronic derangement of medial meniscus of bilateral knees,SNOMED
305811000119109,Chronic derangement of medial meniscus of left knee,SNOMED
305821000119102,Chronic derangement of medial meniscus of right knee,SNOMED
1343689009,Chronic derangement of posterior horn of lateral meniscus,SNOMED
16017551000119103,Chronic derangement of posterior horn of lateral meniscus of bilateral knees,SNOMED
1343690000,Chronic derangement of posterior horn of lateral meniscus of left knee,SNOMED
1343691001,Chronic derangement of posterior horn of lateral meniscus of right knee,SNOMED
1343686002,Chronic derangement of posterior horn of medial meniscus,SNOMED
16017191000119102,Chronic derangement of posterior horn of medial meniscus of bilateral knees,SNOMED
1343687006,Chronic derangement of posterior horn of medial meniscus of left knee,SNOMED
1343688001,Chronic derangement of posterior horn of medial meniscus of right knee,SNOMED
34936007,Chronic dermatitis,SNOMED
764487004,Chronic desquamative gingivitis,SNOMED
236071009,Chronic diarrhoea,SNOMED
716277000,Chronic diarrhoea due to glucoamylase deficiency,SNOMED
25319005,Chronic diarrhoea of infants AND/OR young children,SNOMED
17551007,Chronic diarrhoea of unknown origin,SNOMED
734019006,Chronic diarrhoea with villous atrophy syndrome,SNOMED
441530006,Chronic diastolic heart failure,SNOMED
197619007,Chronic diffuse glomerulonephritis,SNOMED
240719002,Chronic diffuse mucocutaneous candidiasis,SNOMED
128284006,Chronic digestive system disorder,SNOMED
27624003,Chronic disease,SNOMED
128529002,Chronic disease of breast,SNOMED
128292002,Chronic disease of cardiovascular system,SNOMED
128297008,Chronic disease of ear,SNOMED
128290005,Chronic disease of genitourinary system,SNOMED
413834006,Chronic disease of immune function,SNOMED
413835007,Chronic disease of immune structure,SNOMED
128300003,Chronic disease of lymphatic vessels,SNOMED
128237006,Chronic disease of musculoskeletal system,SNOMED
128296004,Chronic disease of ocular adnexa,SNOMED
17097001,Chronic disease of respiratory system,SNOMED
128236002,Chronic disease of skin,SNOMED
128285007,Chronic disease of teeth AND/OR supporting structures,SNOMED
275486007,Chronic disease of tonsil,SNOMED
16358007,Chronic disease of tonsils AND/OR adenoids,SNOMED
12939007,Chronic disorganised schizophrenia,SNOMED
35218008,Chronic disorganised schizophrenia with acute exacerbation,SNOMED
1204127004,Chronic dissection of coronary artery,SNOMED
713030005,Chronic dissection of thoracic aorta,SNOMED
240723005,Chronic disseminated candidiasis,SNOMED
240732007,Chronic disseminated classical histoplasmosis,SNOMED
236519008,Chronic drug-induced renal disease,SNOMED
236452000,Chronic drug-induced tubulointerstitial nephritis,SNOMED
235650007,Chronic drug-induced ulcer of stomach,SNOMED
52232007,Chronic duodenal ileus,SNOMED
128286008,Chronic duodenal ulcer,SNOMED
89469000,Chronic duodenal ulcer with haemorrhage,SNOMED
34021006,Chronic duodenal ulcer with haemorrhage AND obstruction,SNOMED
36975000,Chronic duodenal ulcer with haemorrhage AND perforation,SNOMED
81142005,Chronic duodenal ulcer with haemorrhage AND with perforation but without obstruction,SNOMED
62341002,Chronic duodenal ulcer with haemorrhage but without obstruction,SNOMED
86258000,"Chronic duodenal ulcer with haemorrhage, with perforation AND with obstruction",SNOMED
196666001,Chronic duodenal ulcer with obstruction,SNOMED
49916007,Chronic duodenal ulcer with perforation,SNOMED
60551006,Chronic duodenal ulcer with perforation AND obstruction,SNOMED
34602004,Chronic duodenal ulcer with perforation but without obstruction,SNOMED
40214005,Chronic duodenal ulcer without haemorrhage AND without perforation,SNOMED
28082003,Chronic duodenal ulcer without haemorrhage AND without perforation but with obstruction,SNOMED
57940000,"Chronic duodenal ulcer without haemorrhage, without perforation AND without obstruction",SNOMED
235693007,Chronic duodenitis,SNOMED
230144003,Chronic echovirus meningoencephalitis,SNOMED
26950008,Chronic ectopic atrial tachycardia,SNOMED
44256003,Chronic eczema,SNOMED
427348001,Chronic eczema of external auditory canal,SNOMED
780843004,Chronic eczema of foot,SNOMED
402166000,Chronic effect of ultraviolet radiation on normal skin,SNOMED
27017003,Chronic effusive pericarditis,SNOMED
196026004,Chronic emphysema caused by chemical fumes,SNOMED
836477007,Chronic emphysema caused by vapour,SNOMED
196302008,Chronic enamel dental caries,SNOMED
4851007,Chronic endocarditis,SNOMED
49258000,Chronic endocervicitis,SNOMED
111418006,Chronic endocervicitis with erosion,SNOMED
1010670004,Chronic endogenous lipoid pneumonitis,SNOMED
63922003,Chronic endometritis,SNOMED
17716001,Chronic endomyometritis,SNOMED
13978000,Chronic endophthalmitis,SNOMED
15678441000119103,Chronic endophthalmitis of left eye,SNOMED
15678481000119108,Chronic endophthalmitis of right eye,SNOMED
4839005,Chronic enlargement of lacrimal gland,SNOMED
1187194006,Chronic enteropathy associated with SLCO2A1 gene,SNOMED
1388716002,Chronic eosinophilic pneumonia caused by medication,SNOMED
1388718001,Chronic eosinophilic pneumonia due to aspiration into lower respiratory tract,SNOMED
1388717006,Chronic eosinophilic pneumonia due to connective tissue disease,SNOMED
1388719009,Chronic eosinophilic pneumonia due to infection,SNOMED
236768005,Chronic epididymitis,SNOMED
773738009,Chronic Epstein-Barr virus infection syndrome,SNOMED
63137003,Chronic erosive gastritis,SNOMED
69688007,Chronic erythema nodosum,SNOMED
73237007,Chronic ethmoidal sinusitis,SNOMED
194269002,Chronic eustachian tube salpingitis,SNOMED
788886000,Chronic excoriation of skin,SNOMED
707553005,Chronic exogenous lipoid pneumonitis,SNOMED
197617009,Chronic exudative glomerulonephritis,SNOMED
43561008,Chronic exudative otitis media,SNOMED
716665002,Chronic failure of small intestine,SNOMED
234576008,Chronic familial neutropenia,SNOMED
52702003,Chronic fatigue syndrome,SNOMED
198160001,Chronic female pelvic cellulitis,SNOMED
11892641000119101,Chronic female pelvic pain syndrome,SNOMED
195773006,Chronic fibrinous rhinitis,SNOMED
234996008,Chronic fibro-oedematous gingivitis,SNOMED
76513003,Chronic fibroadenosis of breast,SNOMED
74973004,Chronic fibrosing pancreatitis,SNOMED
1163147006,Chronic fibrosing pulmonary aspergillosis,SNOMED
36599006,Chronic fibrosis of lung,SNOMED
234995007,Chronic fibrous gingivitis,SNOMED
245143005,Chronic fluorine poisoning,SNOMED
197618004,Chronic focal glomerulonephritis,SNOMED
39429002,Chronic follicular conjunctivitis,SNOMED
341601000119102,Chronic follicular conjunctivitis of left eye,SNOMED
335991000119104,Chronic follicular conjunctivitis of right eye,SNOMED
235660003,Chronic follicular gastritis,SNOMED
195782000,Chronic follicular pharyngitis,SNOMED
123688002,Chronic folliculitis,SNOMED
1354860005,Chronic folliculitis of lower leg,SNOMED
1354859000,Chronic folliculitis of lower limb,SNOMED
60130002,Chronic frontal sinusitis,SNOMED
232397007,Chronic frontoethmoidal sinusitis,SNOMED
232434002,Chronic fungal laryngitis,SNOMED
956321981000119108,Chronic gastric erosion,SNOMED
95530000,Chronic gastric ulcer,SNOMED
33257891000119102,Chronic gastric ulcer caused by Cytomegalovirus,SNOMED
96720031000119104,Chronic gastric ulcer caused by Helicobacter pylori,SNOMED
57246001,Chronic gastric ulcer with haemorrhage,SNOMED
85859006,Chronic gastric ulcer with haemorrhage and with obstruction,SNOMED
76181002,Chronic gastric ulcer with haemorrhage and with perforation,SNOMED
74341002,Chronic gastric ulcer with haemorrhage AND with perforation but without obstruction,SNOMED
76078009,Chronic gastric ulcer with haemorrhage but without obstruction,SNOMED
85787009,"Chronic gastric ulcer with haemorrhage, with perforation and with obstruction",SNOMED
196639001,Chronic gastric ulcer with obstruction,SNOMED
31301004,Chronic gastric ulcer with perforation,SNOMED
55483002,Chronic gastric ulcer with perforation AND with obstruction,SNOMED
36246001,Chronic gastric ulcer with perforation but without obstruction,SNOMED
76796008,Chronic gastric ulcer without haemorrhage AND without perforation,SNOMED
60531007,Chronic gastric ulcer without haemorrhage AND without perforation but with obstruction,SNOMED
1567007,"Chronic gastric ulcer without haemorrhage, without perforation AND without obstruction",SNOMED
23080009,Chronic gastric volvulus,SNOMED
8493009,Chronic gastritis,SNOMED
1162445004,Chronic gastritis caused by Helicobacter heilmannii,SNOMED
1171358000,Chronic gastritis caused by Helicobacter pylori,SNOMED
83628005,Chronic gastrointestinal haemorrhage,SNOMED
266520007,Chronic gastrointestinal tract vascular insufficiency,SNOMED
128288009,Chronic gastrojejunal ulcer,SNOMED
62838000,Chronic gastrojejunal ulcer with haemorrhage,SNOMED
90257004,Chronic gastrojejunal ulcer with haemorrhage and obstruction,SNOMED
45640006,Chronic gastrojejunal ulcer with haemorrhage and perforation,SNOMED
46523000,Chronic gastrojejunal ulcer with haemorrhage and with perforation but without obstruction,SNOMED
59356009,Chronic gastrojejunal ulcer with haemorrhage but without perforation,SNOMED
24001002,"Chronic gastrojejunal ulcer with haemorrhage, with perforation and with obstruction",SNOMED
196719008,Chronic gastrojejunal ulcer with obstruction,SNOMED
2807004,Chronic gastrojejunal ulcer with perforation,SNOMED
10897002,Chronic gastrojejunal ulcer with perforation AND with obstruction,SNOMED
62477005,Chronic gastrojejunal ulcer with perforation but without obstruction,SNOMED
4269005,Chronic gastrojejunal ulcer without haemorrhage AND without perforation,SNOMED
56579005,Chronic gastrojejunal ulcer without haemorrhage AND without perforation but with obstruction,SNOMED
41626001,"Chronic gastrojejunal ulcer without haemorrhage, without perforation AND without obstruction",SNOMED
31922003,Chronic generalised exfoliative dermatitis,SNOMED
341591000119109,Chronic giant papillary conjunctivitis of left eye,SNOMED
335981000119102,Chronic giant papillary conjunctivitis of right eye,SNOMED
234994006,Chronic gingival condition,SNOMED
234997004,Chronic gingival granulomatous condition,SNOMED
72621003,Chronic gingivitis,SNOMED
1089941000119101,Chronic gingivitis due to non-plaque gingival disease,SNOMED
20917003,Chronic glomerulonephritis,SNOMED
109808001,Chronic glossitis,SNOMED
12373006,Chronic gonococcal bartholinitis,SNOMED
76802005,Chronic gonococcal cervicitis,SNOMED
88813005,Chronic gonococcal cystitis,SNOMED
31999004,Chronic gonococcal endometritis,SNOMED
35526001,Chronic gonococcal epididymo-orchitis,SNOMED
60893000,Chronic gonococcal prostatitis,SNOMED
53529004,Chronic gonococcal salpingitis,SNOMED
23975003,Chronic gonococcal seminal vesiculitis,SNOMED
44412000,Chronic gonococcal urethritis,SNOMED
11906007,Chronic gonococcal vulvovaginitis,SNOMED
27681008,Chronic gonorrhoea,SNOMED
186915005,Chronic gonorrhoea lower genitourinary tract,SNOMED
28572009,Chronic gonorrhoea of genitourinary tract,SNOMED
80388004,Chronic gonorrhoea of upper genitourinary tract,SNOMED
1153419002,Chronic gout caused by drug,SNOMED
1153420008,Chronic gout caused by lead,SNOMED
306141000119109,Chronic gout of ankle and/or foot without tophus caused by drug,SNOMED
303891000119104,Chronic gout of ankle without tophus due to renal impairment,SNOMED
306161000119108,Chronic gout of elbow without tophus caused by drug,SNOMED
303911000119102,Chronic gout of elbow without tophus due to renal impairment,SNOMED
306181000119104,Chronic gout of hand without tophus caused by drug,SNOMED
303931000119107,Chronic gout of hand without tophus due to renal impairment,SNOMED
306201000119103,Chronic gout of hip without tophus caused by drug,SNOMED
303951000119101,Chronic gout of hip without tophus due to renal impairment,SNOMED
306221000119107,Chronic gout of knee without tophus caused by drug,SNOMED
303971000119105,Chronic gout of knee without tophus due to renal impairment,SNOMED
306381000119102,Chronic gout of multiple sites without tophus caused by drug,SNOMED
304131000119106,Chronic gout of multiple sites without tophus due to renal impairment,SNOMED
306541000119104,Chronic gout of shoulder without tophus caused by drug,SNOMED
304291000119102,Chronic gout of shoulder without tophus due to renal impairment,SNOMED
306561000119100,Chronic gout of vertebra without tophus caused by drug,SNOMED
304311000119103,Chronic gout of vertebra without tophus due to renal impairment,SNOMED
306601000119100,Chronic gout of wrist without tophus caused by drug,SNOMED
304351000119102,Chronic gout of wrist without tophus due to renal impairment,SNOMED
710733002,Chronic gout without tophus,SNOMED
306581000119109,Chronic gout without tophus caused by drug,SNOMED
304331000119108,Chronic gout without tophus due to renal impairment,SNOMED
190829000,Chronic gouty nephropathy,SNOMED
121131000119109,Chronic graft versus host disease after transplantation of bone marrow,SNOMED
402356004,Chronic graft-versus-host disease,SNOMED
2365002,Chronic granular pharyngitis,SNOMED
387759001,Chronic granulomatous disease,SNOMED
29272001,"Chronic granulomatous disease, type I",SNOMED
40197009,"Chronic granulomatous disease, type IA",SNOMED
77330006,"Chronic granulomatous disease, type II",SNOMED
26252007,"Chronic granulomatous disease, type IIA",SNOMED
82317007,"Chronic granulomatous disease, type III",SNOMED
21527007,"Chronic granulomatous disease, type IV",SNOMED
76243000,"Chronic granulomatous disease, type IVA",SNOMED
235662006,Chronic granulomatous gastritis,SNOMED
719376008,Chronic haematogenous osteomyelitis,SNOMED
707480001,Chronic haemolytic anaemia,SNOMED
402233005,Chronic hand eczema,SNOMED
1332282000,Chronic harmful pattern of substance use,SNOMED
27051000119102,Chronic harmful pattern of use of laxatives,SNOMED
431237007,Chronic headache disorder,SNOMED
1336073004,Chronic headache due to and following craniotomy,SNOMED
39131000087107,Chronic headache due to disorder,SNOMED
39481000087102,Chronic headache due to disorder of temporomandibular joint,SNOMED
44481000087102,Chronic headache due to infectious disease,SNOMED
39431000087101,Chronic headache due to non-vascular intracranial disorder,SNOMED
128238001,Chronic heart disease,SNOMED
48447003,Chronic heart failure,SNOMED
1396821004,Chronic hepatic encephalopathy,SNOMED
235886005,Chronic hepatic failure,SNOMED
1197736003,Chronic hepatic failure due to portosystemic shunt,SNOMED
76783007,Chronic hepatitis,SNOMED
838380002,Chronic hepatitis B co-occurrent with hepatitis C and hepatitis D,SNOMED
16859701000119109,Chronic hepatitis B during pregnancy,SNOMED
128302006,Chronic hepatitis C,SNOMED
768127002,Chronic hepatitis C caused by Hepatitis C virus genotype 1,SNOMED
768289009,Chronic hepatitis C caused by Hepatitis C virus genotype 1a,SNOMED
768288001,Chronic hepatitis C caused by Hepatitis C virus genotype 1b,SNOMED
768125005,Chronic hepatitis C caused by Hepatitis C virus genotype 2,SNOMED
768006009,Chronic hepatitis C caused by Hepatitis C virus genotype 3,SNOMED
768126006,Chronic hepatitis C caused by Hepatitis C virus genotype 4,SNOMED
767810006,Chronic hepatitis C caused by hepatitis C virus genotype 5,SNOMED
767809001,Chronic hepatitis C caused by hepatitis C virus genotype 6,SNOMED
838377003,Chronic hepatitis C co-occurrent with human immunodeficiency virus infection,SNOMED
703866000,Chronic hepatitis C with stage 2 fibrosis,SNOMED
450880008,Chronic hepatitis E,SNOMED
240481008,Chronic herpes simplex,SNOMED
716771000,Chronic hiccups,SNOMED
14931000119109,Chronic histiocytosis,SNOMED
429428003,Chronic hypercapnia,SNOMED
426896000,Chronic hypercapnic respiratory failure,SNOMED
170765005,Chronic hyperglycaemia,SNOMED
40777006,Chronic hyperkalaemia,SNOMED
12403008,Chronic hypernatraemia,SNOMED
195813006,Chronic hyperplastic laryngitis,SNOMED
44758003,Chronic hyperplastic pulpitis,SNOMED
8218002,Chronic hypertension complicating AND/OR reason for care during childbirth,SNOMED
37618003,Chronic hypertension complicating AND/OR reason for care during pregnancy,SNOMED
8762007,Chronic hypertension in obstetric context,SNOMED
78544004,Chronic hypertensive uraemia,SNOMED
30874006,Chronic hypertrophic pyloric gastropathy,SNOMED
195768000,Chronic hypertrophic rhinitis,SNOMED
123613000,Chronic hypertrophic vulvitis,SNOMED
10469003,Chronic hypokalaemia,SNOMED
442245003,Chronic hypomanic personality disorder,SNOMED
50327002,Chronic hyponatraemia,SNOMED
77545000,Chronic hypotension,SNOMED
428173007,Chronic hypoxemic respiratory failure,SNOMED
35074008,Chronic idiopathic anal pain,SNOMED
230667002,Chronic idiopathic anhidrosis,SNOMED
22098000,Chronic idiopathic autoimmune haemolytic anaemia,SNOMED
82934008,Chronic idiopathic constipation,SNOMED
129642004,Chronic idiopathic immunoneutropenia in adult,SNOMED
1197738002,Chronic idiopathic intestinal pseudo-obstruction,SNOMED
22310002,Chronic idiopathic monocytosis,SNOMED
248693006,Chronic idiopathic neutropenia,SNOMED
736464002,Chronic idiopathic pain syndrome,SNOMED
13172003,Chronic idiopathic thrombocytopenic purpura,SNOMED
302162004,Chronic idiopathic urticaria,SNOMED
698744001,Chronic incomplete quadriplegia due to spinal cord lesion between fifth and seventh cervical vertebra,SNOMED
698742002,Chronic incomplete quadriplegia due to spinal cord lesion between first and fourth cervical vertebra,SNOMED
18354001,Chronic induration of lung,SNOMED
785727000,Chronic infantile diarrhoea due to guanylate cyclase 2C overactivity,SNOMED
978003,Chronic infantile eczema,SNOMED
23806004,Chronic infection as complication of amputation,SNOMED
713446007,Chronic infection caused by herpes simplex virus co-occurrent with HIV infection,SNOMED
213245002,Chronic infection of amputation stump,SNOMED
177010002,Chronic infectious disease,SNOMED
846660004,Chronic infectious disease of central nervous system,SNOMED
838375006,Chronic infectious pancreatitis,SNOMED
45214008,Chronic infective arthritis,SNOMED
403465000,Chronic infective balanitis,SNOMED
236622000,Chronic infective cystitis,SNOMED
236374007,Chronic infective interstitial nephritis,SNOMED
232224009,Chronic infective otitis externa,SNOMED
233886008,Chronic infective pericarditis,SNOMED
49761000,Chronic infective polyarthritis,SNOMED
195770009,Chronic infective rhinitis,SNOMED
788888004,Chronic inflammation of axillary lymph node,SNOMED
1083311000119101,Chronic inflammation of bilateral mastoid cavities,SNOMED
788889007,Chronic inflammation of cervical lymph node,SNOMED
788890003,Chronic inflammation of inguinal lymph node,SNOMED
787179008,Chronic inflammation of lacrimal drainage structure,SNOMED
1088441000119101,Chronic inflammation of left mastoid cavity,SNOMED
44729001,Chronic inflammation of orbit,SNOMED
788013003,Chronic inflammation of pelvic peritoneum,SNOMED
1083411000119105,Chronic inflammation of petrous part of bilateral temporal bones,SNOMED
1088541000119100,Chronic inflammation of petrous part of left temporal bone,SNOMED
1091151000119101,Chronic inflammation of petrous part of right temporal bone,SNOMED
1091051000119100,Chronic inflammation of right mastoid cavity,SNOMED
1187641001,Chronic inflammation of small intestine caused by radiation,SNOMED
1259636005,Chronic inflammatory demyelinating disease of peripheral nervous system and central nervous system,SNOMED
128209004,Chronic inflammatory demyelinating polyradiculoneuropathy,SNOMED
230564004,Chronic inflammatory demyelinating polyradiculoneuropathy with central nervous system demyelination,SNOMED
6382002,Chronic inflammatory disease of small intestine,SNOMED
128294001,Chronic inflammatory disorder,SNOMED
724748004,Chronic insomnia,SNOMED
45093008,Chronic interstitial myocarditis,SNOMED
60926001,Chronic interstitial nephritis,SNOMED
704345008,Chronic interstitial pneumonitis,SNOMED
1340042007,Chronic intervillositis of unknown aetiology,SNOMED
111911008,Chronic intestinal amoebiasis without abscess,SNOMED
240371008,Chronic intestinal cryptosporidiasis,SNOMED
240374000,Chronic intestinal isosporiasis,SNOMED
235828008,Chronic intestinal pseudo-obstruction,SNOMED
304831001,Chronic intracranial subdural haematoma,SNOMED
124171000119105,Chronic intractable migraine without aura,SNOMED
197050005,Chronic intussusception,SNOMED
83526003,Chronic inversion of uterus,SNOMED
341571000119108,Chronic iritis of left eye,SNOMED
335961000119106,Chronic iritis of right eye,SNOMED
238581007,Chronic irritant contact dermatitis,SNOMED
402273004,Chronic irritant contact dermatitis of hands,SNOMED
232239005,Chronic irritant otitis externa,SNOMED
27241008,Chronic ischaemic colitis,SNOMED
73235004,Chronic ischaemic enteritis,SNOMED
46882000,Chronic ischaemic enterocolitis,SNOMED
413838009,Chronic ischaemic heart disease,SNOMED
202391009,Chronic joint effusion,SNOMED
709044004,Chronic kidney disease,SNOMED
722149000,Chronic kidney disease due to and following excision of neoplasm of kidney,SNOMED
284961000119106,Chronic kidney disease due to benign hypertension,SNOMED
104931000119100,Chronic kidney disease due to hypertension,SNOMED
722150000,Chronic kidney disease due to systemic infection,SNOMED
722467000,Chronic kidney disease due to traumatic loss of kidney,SNOMED
96441000119101,Chronic kidney disease due to type 1 diabetes,SNOMED
771000119108,Chronic kidney disease due to type 2 diabetes,SNOMED
722098007,Chronic kidney disease following donor nephrectomy,SNOMED
713313000,Chronic kidney disease mineral and bone disorder,SNOMED
431855005,Chronic kidney disease stage 1,SNOMED
284971000119100,Chronic kidney disease stage 1 due to benign hypertension,SNOMED
368421000119108,Chronic kidney disease stage 1 due to drug induced diabetes,SNOMED
117681000119102,Chronic kidney disease stage 1 due to hypertension,SNOMED
90721000119101,Chronic kidney disease stage 1 due to type 1 diabetes,SNOMED
751000119104,Chronic kidney disease stage 1 due to type 2 diabetes,SNOMED
431856006,Chronic kidney disease stage 2,SNOMED
284981000119102,Chronic kidney disease stage 2 due to benign hypertension,SNOMED
368431000119106,Chronic kidney disease stage 2 due to drug induced diabetes,SNOMED
129181000119109,Chronic kidney disease stage 2 due to hypertension,SNOMED
90731000119103,Chronic kidney disease stage 2 due to type 1 diabetes,SNOMED
741000119101,Chronic kidney disease stage 2 due to type 2 diabetes,SNOMED
433144002,Chronic kidney disease stage 3,SNOMED
284991000119104,Chronic kidney disease stage 3 due to benign hypertension,SNOMED
368441000119102,Chronic kidney disease stage 3 due to drug induced diabetes,SNOMED
129171000119106,Chronic kidney disease stage 3 due to hypertension,SNOMED
90741000119107,Chronic kidney disease stage 3 due to type 1 diabetes,SNOMED
731000119105,Chronic kidney disease stage 3 due to type 2 diabetes,SNOMED
700378005,Chronic kidney disease stage 3A,SNOMED
1332472004,Chronic kidney disease stage 3A due to type 1 diabetes,SNOMED
1332470007,Chronic kidney disease stage 3A due to type 2 diabetes,SNOMED
700379002,Chronic kidney disease stage 3B,SNOMED
1332471006,Chronic kidney disease stage 3B due to type 1 diabetes,SNOMED
1332469006,Chronic kidney disease stage 3B due to type 2 diabetes,SNOMED
431857002,Chronic kidney disease stage 4,SNOMED
285001000119105,Chronic kidney disease stage 4 due to benign hypertension,SNOMED
368451000119100,Chronic kidney disease stage 4 due to drug induced diabetes,SNOMED
129151000119102,Chronic kidney disease stage 4 due to hypertension,SNOMED
90751000119109,Chronic kidney disease stage 4 due to type 1 diabetes,SNOMED
721000119107,Chronic kidney disease stage 4 due to type 2 diabetes,SNOMED
433146000,Chronic kidney disease stage 5,SNOMED
285011000119108,Chronic kidney disease stage 5 due to benign hypertension,SNOMED
368461000119103,Chronic kidney disease stage 5 due to drug induced diabetes,SNOMED
129161000119100,Chronic kidney disease stage 5 due to hypertension,SNOMED
90761000119106,Chronic kidney disease stage 5 due to type 1 diabetes,SNOMED
711000119100,Chronic kidney disease stage 5 due to type 2 diabetes,SNOMED
714152005,Chronic kidney disease stage 5 on dialysis,SNOMED
714153000,Chronic kidney disease stage 5 with transplant,SNOMED
26479009,Chronic lacrimal canaliculitis,SNOMED
341561000119102,Chronic lacrimal canaliculitis of left eye,SNOMED
335951000119109,Chronic lacrimal canaliculitis of right eye,SNOMED
1343618008,Chronic lacrimal mucocele,SNOMED
29951006,Chronic laryngitis,SNOMED
195810009,Chronic laryngitis and laryngotracheitis,SNOMED
83271005,Chronic laryngotracheitis,SNOMED
236454004,Chronic lead nephropathy,SNOMED
762307002,Chronic left idiopathic vestibulopathy,SNOMED
1088451000119104,Chronic left mastoiditis,SNOMED
1303703003,Chronic left metatarsal osteomyelitis,SNOMED
1088481000119106,Chronic left tympanitis,SNOMED
5375005,Chronic left-sided congestive heart failure,SNOMED
111283005,Chronic left-sided heart failure,SNOMED
441971007,Chronic left-sided ulcerative colitis,SNOMED
309461001,Chronic lichenified atopic dermatitis,SNOMED
10057001,Chronic lichenoid pityriasis,SNOMED
63910001,Chronic lip fold dermatitis,SNOMED
1367961003,Chronic lithium nephrotoxicity,SNOMED
328383001,Chronic liver disease,SNOMED
57339008,Chronic lobular hepatitis,SNOMED
240718005,Chronic localised mucocutaneous candidiasis,SNOMED
711526005,Chronic localised pemphigoid,SNOMED
68162000,Chronic lower gastrointestinal haemorrhage,SNOMED
428091000,Chronic lower urinary tract infection,SNOMED
413839001,Chronic lung disease,SNOMED
707534000,Chronic lung disease due to surfactant disorder,SNOMED
32035007,Chronic lymphadenitis,SNOMED
78973009,Chronic lymphangitis,SNOMED
9843006,Chronic lymphocytic cholangitis-cholangiohepatitis,SNOMED
230154004,Chronic lymphocytic meningitis,SNOMED
722955006,Chronic lymphoproliferative disorder of natural killer cells,SNOMED
14183003,"Chronic major depressive disorder, single episode",SNOMED
234093002,Chronic Malayan filarial lymphadenitis,SNOMED
240829000,Chronic Malayan filariasis,SNOMED
1354863007,Chronic male primary pelvic pain syndrome,SNOMED
196356001,Chronic marginal gingivitis,SNOMED
21648003,Chronic mastitis,SNOMED
80645004,Chronic mastoiditis,SNOMED
35923002,Chronic maxillary sinusitis,SNOMED
762599007,Chronic mechanical visceral pain,SNOMED
195772001,Chronic membranous rhinitis,SNOMED
21664006,Chronic meningitis,SNOMED
128293007,Chronic mental disorder,SNOMED
236457006,Chronic mercury nephropathy,SNOMED
197613008,Chronic mesangial proliferative glomerulonephritis,SNOMED
191377002,Chronic mesenteric lymphadenitis,SNOMED
687808741000119101,Chronic metabolic acidosis,SNOMED
505156821000119104,Chronic metabolic acidosis with increased anion gap,SNOMED
128289001,Chronic metabolic disorder,SNOMED
1303694006,Chronic metatarsal osteomyelitis,SNOMED
679363171000119109,Chronic microvascular ischaemia of myocardium,SNOMED
1381852002,Chronic middle ear effusion,SNOMED
711435001,Chronic migratory panniculitis,SNOMED
57557005,Chronic milk alkali syndrome,SNOMED
95657009,Chronic mixed headache syndrome,SNOMED
7794004,Chronic motor tic disorder,SNOMED
241975000,Chronic mountain sickness,SNOMED
234568006,Chronic mucocutaneous candidiasis,SNOMED
78868004,Chronic mucoid otitis media,SNOMED
1088461000119102,Chronic mucoid otitis media of left middle ear,SNOMED
1091071000119109,Chronic mucoid otitis media of right middle ear,SNOMED
109263003,Chronic mucositis,SNOMED
707318002,Chronic multifocal candidiasis of mouth,SNOMED
762598004,Chronic musculoskeletal pain due to disease of nervous system,SNOMED
50651000087101,Chronic musculoskeletal pain due to disorder of bone,SNOMED
50661000087103,Chronic musculoskeletal pain due to disorder of joint,SNOMED
50671000087107,Chronic musculoskeletal pain due to disorder of tendon,SNOMED
762597009,Chronic musculoskeletal pain due to persistent inflammation,SNOMED
111898002,Chronic mycotic otitis externa,SNOMED
434371000124108,Chronic myelopathy,SNOMED
233880002,Chronic myocardial disorder caused by chemical or external agent,SNOMED
413844008,Chronic myocardial ischaemia,SNOMED
13125003,Chronic myometritis,SNOMED
838376007,Chronic myopathy caused by alcohol,SNOMED
47841006,Chronic nasopharyngitis,SNOMED
863957008,Chronic necrosis of liver,SNOMED
721616005,Chronic necrotising ulcerative gingivitis,SNOMED
197707007,Chronic nephritic syndrome,SNOMED
197715005,Chronic nephritic syndrome due to diffuse crescentic glomerulonephritis,SNOMED
368901000119106,Chronic nephritic syndrome due to membranoproliferative glomerulonephritis type III,SNOMED
78771000119105,"Chronic nephritic syndrome due to membranoproliferative glomerulonephritis, type 1",SNOMED
28191000119109,Chronic nephritic syndrome with membranous glomerulonephritis,SNOMED
197714009,"Chronic nephritic syndrome, dense deposit disease",SNOMED
197712008,"Chronic nephritic syndrome, diffuse endocapillary proliferative glomerulonephritis",SNOMED
197713003,"Chronic nephritic syndrome, diffuse mesangiocapillary glomerulonephritis",SNOMED
197709005,"Chronic nephritic syndrome, focal and segmental glomerular lesions",SNOMED
197708002,"Chronic nephritic syndrome, minor glomerular abnormality",SNOMED
145621000119100,Chronic nephritis,SNOMED
128283000,Chronic nervous system disorder,SNOMED
35222003,Chronic neurogenic ulcer of lower limb,SNOMED
80369006,Chronic neutrophilia,SNOMED
735731005,Chronic non-infectious enteritis of uncertain aetiology,SNOMED
232236003,Chronic non-infective otitis externa,SNOMED
1088491000119109,Chronic non-infective otitis externa of left external auditory canal,SNOMED
1091101000119100,Chronic non-infective otitis externa of right external auditory canal,SNOMED
62201009,Chronic non-neuropathic Gaucher's disease,SNOMED
10637831000119101,Chronic non-pressure ulcer of ankle extending to fat level,SNOMED
10640871000119101,Chronic non-pressure ulcer of calf extending to fat level,SNOMED
10642391000119105,Chronic non-pressure ulcer of sacrum extending to fat level,SNOMED
27195007,Chronic non-psychotic brain syndrome,SNOMED
198105008,Chronic non-puerperal breast abscess,SNOMED
711497006,Chronic non-specific colitis,SNOMED
722848005,Chronic non-specific multiple ulcers of small intestine,SNOMED
232254004,Chronic non-suppurative otitis media,SNOMED
232257006,Chronic non-suppurative otitis media without effusion,SNOMED
79720007,Chronic nonalcoholic liver disease,SNOMED
54691007,Chronic nonsuppurative osteitis of jaw,SNOMED
90441002,Chronic nonsuppurative thyroiditis,SNOMED
425453009,Chronic nontraumatic dissection of thoracic aorta,SNOMED
991898981000119108,Chronic nontraumatic intracranial subdural haematoma,SNOMED
609382000,Chronic nontraumatic intracranial subdural haemorrhage,SNOMED
47938003,Chronic obliterative bronchiolitis,SNOMED
840350008,Chronic obliterative bronchiolitis caused by chemical fumes,SNOMED
840351007,Chronic obliterative bronchiolitis caused by vapour,SNOMED
10692721000119102,Chronic obstructive asthma co-occurrent with acute exacerbation of asthma,SNOMED
240824005,Chronic obstructive bancroftian filariasis,SNOMED
185086009,Chronic obstructive bronchitis,SNOMED
1396400008,Chronic obstructive pulmonary disease caused by cigarette smoke,SNOMED
1388296002,Chronic obstructive pulmonary disease of unknown cause,SNOMED
236379002,Chronic obstructive pyelonephritis,SNOMED
698816006,Chronic occlusion of artery of extremity,SNOMED
735622003,Chronic oedema of penis,SNOMED
713356005,Chronic oesophageal scar,SNOMED
409657002,Chronic oesophagitis,SNOMED
32582007,Chronic oophoritis,SNOMED
267654007,Chronic orbital myositis,SNOMED
10194007,Chronic orchitis,SNOMED
425919003,Chronic organic mental disorder,SNOMED
75181005,Chronic orthostatic hypotension,SNOMED
54389007,Chronic ossifying alveolar periostitis,SNOMED
196461003,Chronic osteitis of jaw,SNOMED
43829003,Chronic osteoarthritis,SNOMED
232396003,Chronic osteomeatal disease,SNOMED
40970001,Chronic osteomyelitis,SNOMED
240148003,Chronic osteomyelitis of ankle,SNOMED
268019002,Chronic osteomyelitis of ankle and/or foot,SNOMED
714985003,Chronic osteomyelitis of carpal bone,SNOMED
203193005,Chronic osteomyelitis of cervical spine,SNOMED
203197006,Chronic osteomyelitis of coccyx,SNOMED
95425001,Chronic osteomyelitis of cranium,SNOMED
287053008,Chronic osteomyelitis of elbow,SNOMED
712867005,Chronic osteomyelitis of facial bone,SNOMED
240149006,Chronic osteomyelitis of femur,SNOMED
240147008,Chronic osteomyelitis of foot,SNOMED
109316003,Chronic osteomyelitis of frontal bone,SNOMED
13325005,Chronic osteomyelitis of hand,SNOMED
287055001,Chronic osteomyelitis of hip,SNOMED
203185005,Chronic osteomyelitis of humerus,SNOMED
38297003,Chronic osteomyelitis of jaw,SNOMED
287056000,Chronic osteomyelitis of knee,SNOMED
1077631000119101,Chronic osteomyelitis of left ankle,SNOMED
1077561000119108,Chronic osteomyelitis of left femur,SNOMED
1077641000119105,Chronic osteomyelitis of left foot,SNOMED
1077591000119101,Chronic osteomyelitis of left tibia,SNOMED
203189004,Chronic osteomyelitis of lower leg,SNOMED
203195003,Chronic osteomyelitis of lumbar spine,SNOMED
109697002,Chronic osteomyelitis of mandible,SNOMED
109694009,Chronic osteomyelitis of maxilla,SNOMED
66634003,Chronic osteomyelitis of multiple sites,SNOMED
109320004,Chronic osteomyelitis of nasal-orbit complex,SNOMED
1144500005,Chronic osteomyelitis of pelvis and femur,SNOMED
203186006,Chronic osteomyelitis of radius and/or ulna,SNOMED
1077611000119106,Chronic osteomyelitis of right ankle,SNOMED
1077551000119106,Chronic osteomyelitis of right femur,SNOMED
1077621000119104,Chronic osteomyelitis of right foot,SNOMED
1077571000119102,Chronic osteomyelitis of right tibia,SNOMED
203196002,Chronic osteomyelitis of sacrum,SNOMED
203184009,Chronic osteomyelitis of shoulder,SNOMED
109318002,Chronic osteomyelitis of sphenoid bone,SNOMED
109319005,Chronic osteomyelitis of temporal bone,SNOMED
203194004,Chronic osteomyelitis of thoracic spine,SNOMED
314214009,Chronic osteomyelitis of tibia,SNOMED
445063003,Chronic osteomyelitis of vertebra,SNOMED
109317007,Chronic osteomyelitis of zygomatic bone,SNOMED
53295002,Chronic otitis externa,SNOMED
194207002,Chronic otitis externa caused by Aspergillus,SNOMED
194208007,Chronic otitis externa caused by Candida,SNOMED
1088511000119104,Chronic otitis externa of left external auditory canal,SNOMED
1088471000119108,Chronic otitis externa of left external auditory canal caused by fungus,SNOMED
1091121000119109,Chronic otitis externa of right external auditory canal,SNOMED
1091081000119107,Chronic otitis externa of right external auditory canal caused by fungus,SNOMED
21186006,Chronic otitis media,SNOMED
429767005,Chronic otitis media after insertion of tympanic ventilation tube,SNOMED
1088531000119109,Chronic otitis media of left ear following insertion of tympanic ventilation tube,SNOMED
1091141000119103,Chronic otitis media of right ear following insertion of tympanic ventilation tube,SNOMED
1343699004,Chronic otitis media with effusion,SNOMED
1379958006,Chronic otitis media with perforation of tympanic membrane,SNOMED
449839003,Chronic otitis media with sanguineous effusion,SNOMED
1149226001,Chronic overdose,SNOMED
762596000,Chronic pain following radiotherapy,SNOMED
762594002,Chronic pain following surgical procedure for cancer,SNOMED
1348334001,Chronic pain of vestibule of vulva provoked by contact,SNOMED
373621006,Chronic pain syndrome,SNOMED
193184006,Chronic painful neuropathy due to diabetes,SNOMED
39231000087102,Chronic painful polyneuropathy,SNOMED
230575000,Chronic painful polyneuropathy due to diabetes,SNOMED
762595001,Chronic painful polyneuropathy following chemotherapy,SNOMED
39241000087108,Chronic painful radiculopathy,SNOMED
235494005,Chronic pancreatitis,SNOMED
767291004,Chronic pancreatitis due to acute alcohol intoxication,SNOMED
154211000119108,Chronic pancreatitis due to chronic alcoholism,SNOMED
1263995002,Chronic pancreatitis due to gallbladder calculus,SNOMED
232395004,Chronic panethmoidal sinusitis,SNOMED
88850006,Chronic pansinusitis,SNOMED
1217669004,Chronic papillary vernal conjunctivitis,SNOMED
890535001,Chronic papillomatous dermatitis due to contact with urine and/or faeces,SNOMED
402282005,Chronic papillomatous dermatitis due to urostomy,SNOMED
403127002,Chronic papular onchodermatitis,SNOMED
698754002,Chronic paralysis due to lesion of spinal cord,SNOMED
237045001,Chronic parametritis,SNOMED
198159006,Chronic parametritis and pelvic cellulitis,SNOMED
31658008,Chronic paranoid schizophrenia,SNOMED
698292000,Chronic paraplegia,SNOMED
200744008,Chronic paronychia,SNOMED
95654002,Chronic paroxysmal hemicrania,SNOMED
75419006,Chronic partial afferent loop obstruction,SNOMED
276573008,Chronic partial asphyxia of newborn,SNOMED
34736002,Chronic passive congestion of liver,SNOMED
237044002,Chronic pelvic inflammatory disease,SNOMED
128287004,Chronic peptic ulcer,SNOMED
49232000,Chronic peptic ulcer with haemorrhage,SNOMED
56461008,Chronic peptic ulcer with haemorrhage AND obstruction,SNOMED
61300005,Chronic peptic ulcer with haemorrhage AND perforation,SNOMED
55746001,Chronic peptic ulcer with haemorrhage AND with perforation but without obstruction,SNOMED
81518000,Chronic peptic ulcer with haemorrhage but without obstruction,SNOMED
77661009,"Chronic peptic ulcer with haemorrhage, with perforation AND with obstruction",SNOMED
196694009,Chronic peptic ulcer with obstruction,SNOMED
3483000,Chronic peptic ulcer with perforation,SNOMED
57871005,Chronic peptic ulcer with perforation AND obstruction,SNOMED
80953005,Chronic peptic ulcer with perforation but without obstruction,SNOMED
5492000,Chronic peptic ulcer without haemorrhage AND without perforation,SNOMED
12384004,Chronic peptic ulcer without haemorrhage AND without perforation but with obstruction,SNOMED
60400003,"Chronic peptic ulcer without haemorrhage, without perforation AND without obstruction",SNOMED
233887004,Chronic pericardial effusion caused by cholesterol,SNOMED
23627006,Chronic pericarditis,SNOMED
1088421000119107,Chronic perichondritis of left external ear,SNOMED
45431004,Chronic perichondritis of pinna,SNOMED
1091031000119106,Chronic perichondritis of right external ear,SNOMED
4264000,Chronic pericoronitis,SNOMED
37830006,Chronic perimetritis,SNOMED
5689008,Chronic periodontitis,SNOMED
196367000,Chronic periodontitis complex,SNOMED
196366009,Chronic periodontitis simplex,SNOMED
304989006,Chronic periodontitis with drifting of teeth,SNOMED
198141008,Chronic perioophoritis,SNOMED
71746008,Chronic periostitis of jaw,SNOMED
39211000087107,Chronic peripheral neuropathic pain following peripheral nerve injury,SNOMED
423674003,Chronic peripheral venous hypertension,SNOMED
198143006,Chronic perisalpingitis,SNOMED
78609007,Chronic peritoneal effusion,SNOMED
87510000,Chronic peritonitis,SNOMED
41889008,Chronic persistent hepatitis,SNOMED
38662009,Chronic persistent type B viral hepatitis,SNOMED
60037002,Chronic persistent viral hepatitis,SNOMED
28593007,Chronic petrositis,SNOMED
232406009,Chronic pharyngeal candidiasis,SNOMED
140004,Chronic pharyngitis,SNOMED
133171000119105,Chronic pharyngolaryngitis,SNOMED
413847001,Chronic phase chronic myeloid leukaemia,SNOMED
69231004,Chronic phototoxic dermatitis,SNOMED
58419006,Chronic phytophotodermatitis,SNOMED
402997002,Chronic plaque-like oral candidiasis,SNOMED
102361000119104,Chronic pneumonia,SNOMED
708026002,Chronic pneumonitis of infancy,SNOMED
599006,Chronic pneumothorax,SNOMED
238561006,Chronic podopompholyx,SNOMED
128301004,Chronic poisoning,SNOMED
1157054001,Chronic poisoning caused by substance with benzene structure,SNOMED
1351695006,Chronic polyserositis,SNOMED
699694000,Chronic post-concussion headache,SNOMED
1119304009,Chronic post-COVID-19 syndrome,SNOMED
230477005,Chronic post-traumatic headache,SNOMED
313182004,Chronic post-traumatic stress disorder,SNOMED
699241002,Chronic post-traumatic stress disorder following military combat,SNOMED
232394000,Chronic posterior ethmoidal sinusitis,SNOMED
1217670003,Chronic postoperative bacterial endophthalmitis,SNOMED
314546005,Chronic postoperative endophthalmitis,SNOMED
38731000087104,Chronic primary bladder pain syndrome,SNOMED
38741000087105,Chronic primary cervical pain,SNOMED
38751000087108,Chronic primary chest pain syndrome,SNOMED
1197659000,Chronic primary epigastric pain syndrome,SNOMED
721285007,Chronic primary gouty arthritis,SNOMED
762592003,Chronic primary headache,SNOMED
38781000087100,Chronic primary low back pain,SNOMED
38771000087102,Chronic primary musculoskeletal limb pain,SNOMED
762591005,Chronic primary musculoskeletal pain,SNOMED
762593008,Chronic primary orofacial pain,SNOMED
38791000087103,Chronic primary pelvic pain syndrome,SNOMED
38811000087102,Chronic primary thoracic pain,SNOMED
762589002,Chronic primary visceral pain,SNOMED
369445005,Chronic proctocolitis,SNOMED
417688002,Chronic progressive coccidioidal pneumonia,SNOMED
3456001,Chronic progressive non-hereditary chorea,SNOMED
95651005,Chronic progressive paraparesis,SNOMED
425369003,Chronic progressive renal failure,SNOMED
195791000119101,Chronic proliferative glomerulonephritis,SNOMED
45365002,Chronic proliferative peritonitis,SNOMED
19905009,Chronic prostatitis,SNOMED
426135001,Chronic prostatitis - chronic pelvic pain syndrome,SNOMED
238587006,Chronic prurigo,SNOMED
1197735004,Chronic pseudo-obstruction of colon,SNOMED
235829000,Chronic pseudo-obstruction of small intestine,SNOMED
441711008,Chronic psychogenic pain,SNOMED
240742009,Chronic pulmonary African histoplasmosis,SNOMED
733171006,Chronic pulmonary aspergillosis,SNOMED
240747003,Chronic pulmonary blastomycosis,SNOMED
233615002,Chronic pulmonary coccidioidomycosis,SNOMED
63841001,Chronic pulmonary congestion,SNOMED
133971000119108,Chronic pulmonary embolism,SNOMED
196028003,Chronic pulmonary fibrosis caused by chemical fumes,SNOMED
1344640009,Chronic pulmonary fibrosis caused by vapour,SNOMED
26427008,Chronic pulmonary histoplasmosis,SNOMED
276537001,Chronic pulmonary insufficiency of prematurity,SNOMED
46847001,Chronic pulmonary oedema,SNOMED
196049002,Chronic pulmonary radiation disease,SNOMED
707412000,Chronic pulmonary thromboembolism,SNOMED
707413005,Chronic pulmonary thromboembolism without pulmonary hypertension,SNOMED
75037000,Chronic pulpitis,SNOMED
197762003,Chronic pyelitis,SNOMED
63302006,Chronic pyelonephritis,SNOMED
197761005,Chronic pyelonephritis with medullary necrosis,SNOMED
221899751000119107,Chronic pyloric ulcer caused by Helicobacter pylori,SNOMED
198189004,Chronic pyometra,SNOMED
197763008,Chronic pyonephrosis,SNOMED
409552002,Chronic Q fever,SNOMED
235757002,Chronic radiation colitis,SNOMED
236629009,Chronic radiation cystitis,SNOMED
235708000,Chronic radiation enteropathy,SNOMED
236525007,Chronic radiation nephritis,SNOMED
232237007,Chronic radiation otitis externa,SNOMED
235762001,Chronic radiation proctitis,SNOMED
45941008,Chronic radiation sickness,SNOMED
724865002,Chronic radiodermatitis due to and following radiotherapy caused by ionising radiation,SNOMED
2618002,Chronic recurrent major depressive disorder,SNOMED
2561000112106,Chronic refractory cough,SNOMED
431953002,Chronic rejection of bone marrow transplant,SNOMED
431896008,Chronic rejection of cardiac transplant,SNOMED
432908002,Chronic rejection of liver transplant,SNOMED
432958009,Chronic rejection of lung transplant,SNOMED
434271002,Chronic rejection of pancreas transplant,SNOMED
236578006,Chronic rejection of renal transplant,SNOMED
236579003,Chronic rejection of renal transplant - grade 1,SNOMED
236580000,Chronic rejection of renal transplant - grade II,SNOMED
236581001,Chronic rejection of renal transplant - grade III,SNOMED
402226005,Chronic relapsing vesiculosquamous hand eczema,SNOMED
90688005,Chronic renal failure,SNOMED
723190009,Chronic renal insufficiency,SNOMED
1373675005,Chronic renocardiac syndrome,SNOMED
71103003,Chronic residual schizophrenia,SNOMED
30336007,Chronic residual schizophrenia with acute exacerbations,SNOMED
8764008,Chronic respiratory acidosis,SNOMED
90616004,Chronic respiratory alkalosis,SNOMED
846634000,Chronic respiratory condition caused by fumes,SNOMED
846635004,Chronic respiratory condition due to vapours,SNOMED
1287820006,Chronic respiratory disease originating in perinatal period,SNOMED
783182004,Chronic respiratory distress with surfactant metabolism deficiency,SNOMED
39871006,Chronic respiratory failure,SNOMED
350586651000119105,Chronic respiratory failure due to neuromuscular disease,SNOMED
971918681000119107,Chronic respiratory failure due to obstructive sleep apnoea,SNOMED
427896006,Chronic respiratory insufficiency,SNOMED
236650000,Chronic retention of urine,SNOMED
1148594002,Chronic rheumatic arthritis,SNOMED
1148765006,Chronic rheumatic carditis,SNOMED
46165000,Chronic rheumatic endocarditis,SNOMED
61012002,Chronic rheumatic heart disease with myocarditis,SNOMED
90453003,Chronic rheumatic mediastinopericarditis,SNOMED
286947004,Chronic rheumatic mitral valvulitis,SNOMED
756003,Chronic rheumatic myopericarditis,SNOMED
1149066008,Chronic rheumatic pancarditis,SNOMED
78069008,Chronic rheumatic pericarditis,SNOMED
89456004,Chronic rheumatic valvulitis,SNOMED
86094006,Chronic rhinitis,SNOMED
897657000,Chronic rhinosinusitis,SNOMED
1285576009,Chronic rhinosinusitis with multiple nasal polyps,SNOMED
762308007,Chronic right idiopathic vestibulopathy,SNOMED
1091061000119103,Chronic right mastoiditis,SNOMED
1303705005,Chronic right metatarsal osteomyelitis,SNOMED
1091091000119105,Chronic right tympanitis,SNOMED
66989003,Chronic right-sided congestive heart failure,SNOMED
10335000,Chronic right-sided heart failure,SNOMED
700377000,Chronic rupture of Achilles tendon,SNOMED
1075451000119103,Chronic rupture of anterior cruciate ligament of left knee,SNOMED
1075411000119104,Chronic rupture of anterior cruciate ligament of right knee,SNOMED
16016471000119106,Chronic rupture of lateral collateral ligament of bilateral knee joints,SNOMED
1297040002,Chronic rupture of lateral collateral ligament of knee joint,SNOMED
1075431000119109,Chronic rupture of lateral collateral ligament of left knee,SNOMED
1075391000119104,Chronic rupture of lateral collateral ligament of right knee,SNOMED
1075441000119100,Chronic rupture of medial collateral ligament of left knee,SNOMED
1075401000119102,Chronic rupture of medial collateral ligament of right knee,SNOMED
1075461000119101,Chronic rupture of posterior cruciate ligament of left knee,SNOMED
1075421000119106,Chronic rupture of posterior cruciate ligament of right knee,SNOMED
55551005,Chronic salpingitis,SNOMED
198142001,Chronic salpingo-oophoritis,SNOMED
234530009,Chronic sarcoid myopathy,SNOMED
83746006,Chronic schizophrenia,SNOMED
307177001,Chronic sciatica,SNOMED
75886002,Chronic sclerosing nonsuppurative osteomyelitis,SNOMED
109321000,Chronic sclerosing nonsuppurative osteomyelitis of facial bone,SNOMED
109322007,Chronic sclerosing nonsuppurative osteomyelitis of frontal bone,SNOMED
109691001,Chronic sclerosing nonsuppurative osteomyelitis of mandible,SNOMED
109690000,Chronic sclerosing nonsuppurative osteomyelitis of maxilla,SNOMED
109326005,Chronic sclerosing nonsuppurative osteomyelitis of nasal-orbit complex,SNOMED
109324008,Chronic sclerosing nonsuppurative osteomyelitis of sphenoid bone,SNOMED
109325009,Chronic sclerosing nonsuppurative osteomyelitis of temporal bone,SNOMED
109323002,Chronic sclerosing nonsuppurative osteomyelitis of zygomatic bone,SNOMED
448131008,Chronic sclerosing sialadenitis,SNOMED
402204009,Chronic seborrhoeic dermatitis,SNOMED
402208007,Chronic seborrhoeic otitis externa,SNOMED
36554003,Chronic selenium poisoning,SNOMED
58194007,Chronic seromucinous otitis media,SNOMED
81564005,Chronic serous otitis media,SNOMED
765152004,Chronic serous otitis media of left ear,SNOMED
765153009,Chronic serous otitis media of right ear,SNOMED
235126009,Chronic sialadenitis,SNOMED
233762004,Chronic silicosis,SNOMED
195811008,Chronic simple laryngitis,SNOMED
195765002,Chronic simple rhinitis,SNOMED
40055000,Chronic sinusitis,SNOMED
10642351000119100,Chronic skin ulcer of sacrum,SNOMED
38961000,Chronic sphenoidal sinusitis,SNOMED
27868004,Chronic steatorrhoea,SNOMED
426174008,Chronic stress disorder,SNOMED
198106009,Chronic subareolar non-puerperal abscess,SNOMED
198315005,Chronic subinvolution of uterus,SNOMED
196735001,Chronic superficial gastritis,SNOMED
109910003,Chronic suppurative mastoiditis,SNOMED
240392008,Chronic suppurative melioidosis,SNOMED
38394007,Chronic suppurative otitis media,SNOMED
1163148001,Chronic suppurative otitis media caused by Aspergillus,SNOMED
1088571000119107,Chronic suppurative otitis media of left middle ear,SNOMED
1091181000119108,Chronic suppurative otitis media of right middle ear,SNOMED
9476000,Chronic suppurative thyroiditis,SNOMED
704174008,Chronic synovitis,SNOMED
711181000124108,Chronic synovitis due to haemarthrosis,SNOMED
1295252004,Chronic synovitis of elbow due to haemarthrosis,SNOMED
1295291009,Chronic synovitis of hip due to haemarthrosis,SNOMED
1295276007,Chronic synovitis of knee due to haemarthrosis,SNOMED
711251000124108,Chronic synovitis of left elbow due to haemarthrosis,SNOMED
711201000124109,Chronic synovitis of left hip due to haemarthrosis,SNOMED
711271000124103,Chronic synovitis of left knee due to haemarthrosis,SNOMED
711291000124102,Chronic synovitis of left shoulder due to haemarthrosis,SNOMED
711211000124107,Chronic synovitis of left wrist due to haemarthrosis,SNOMED
711261000124105,Chronic synovitis of right elbow due to haemarthrosis,SNOMED
711191000124106,Chronic synovitis of right hip due to haemarthrosis,SNOMED
711281000124100,Chronic synovitis of right knee due to haemarthrosis,SNOMED
711301000124101,Chronic synovitis of right shoulder due to haemarthrosis,SNOMED
711221000124104,Chronic synovitis of right wrist due to haemarthrosis,SNOMED
1296721008,Chronic synovitis of shoulder due to haemarthrosis,SNOMED
1295228006,Chronic synovitis of wrist due to haemarthrosis,SNOMED
430396006,Chronic systolic dysfunction of left ventricle,SNOMED
441481004,Chronic systolic heart failure,SNOMED
403328001,Chronic telogen effluvium,SNOMED
230471006,Chronic tension-type headache,SNOMED
233947005,Chronic thromboembolic pulmonary hypertension,SNOMED
15712441000119103,Chronic thrombosis of inferior vena cava,SNOMED
133411000119108,Chronic thrombosis of mesenteric vein,SNOMED
143551000119106,Chronic thrombosis of splenic vein,SNOMED
132551000119104,Chronic thrombosis of subclavian vein,SNOMED
709602009,Chronic thrombosis of superficial vein of lower limb,SNOMED
132531000119105,Chronic thrombosis of superficial vein of upper limb,SNOMED
135061000119104,Chronic thrombosis of superior vena cava,SNOMED
1144912000,Chronic thrombotic microangiopathy,SNOMED
45053005,Chronic thyroiditis,SNOMED
237538007,Chronic thyroiditis with transient thyrotoxicosis,SNOMED
234094008,Chronic Timorian filarial lymphadenitis,SNOMED
240834001,Chronic Timorian filariasis,SNOMED
90979004,Chronic tonsillitis,SNOMED
73877009,Chronic tophaceous gout,SNOMED
306571000119106,Chronic tophaceous gout caused by drug,SNOMED
304321000119105,Chronic tophaceous gout due to renal impairment,SNOMED
1071311000119105,Chronic tophaceous gout of ankle,SNOMED
306131000119100,Chronic tophaceous gout of ankle and/or foot caused by drug,SNOMED
303881000119102,Chronic tophaceous gout of ankle due to renal impairment,SNOMED
16040311000119101,Chronic tophaceous gout of bilateral ankles,SNOMED
16076011000119100,Chronic tophaceous gout of bilateral feet,SNOMED
402470003,Chronic tophaceous gout of digit,SNOMED
306151000119106,Chronic tophaceous gout of elbow caused by drug,SNOMED
303901000119100,Chronic tophaceous gout of elbow due to renal impairment,SNOMED
1396380005,Chronic tophaceous gout of finger,SNOMED
190842000,Chronic tophaceous gout of hand,SNOMED
306171000119102,Chronic tophaceous gout of hand caused by drug,SNOMED
303921000119109,Chronic tophaceous gout of hand due to renal impairment,SNOMED
306191000119101,Chronic tophaceous gout of hip caused by drug,SNOMED
303941000119103,Chronic tophaceous gout of hip due to renal impairment,SNOMED
306211000119100,Chronic tophaceous gout of knee caused by drug,SNOMED
303961000119104,Chronic tophaceous gout of knee due to renal impairment,SNOMED
1371311005,Chronic tophaceous gout of left ankle,SNOMED
16076051000119104,Chronic tophaceous gout of left elbow,SNOMED
1075021000119104,Chronic tophaceous gout of left foot,SNOMED
16006591000119109,Chronic tophaceous gout of left hand,SNOMED
306371000119100,Chronic tophaceous gout of multiple sites caused by drug,SNOMED
304121000119108,Chronic tophaceous gout of multiple sites due to renal impairment,SNOMED
1371312003,Chronic tophaceous gout of right ankle,SNOMED
16076131000119106,Chronic tophaceous gout of right elbow,SNOMED
1075001000119108,Chronic tophaceous gout of right foot,SNOMED
16006551000119104,Chronic tophaceous gout of right hand,SNOMED
306531000119108,Chronic tophaceous gout of shoulder caused by drug,SNOMED
304281000119100,Chronic tophaceous gout of shoulder due to renal impairment,SNOMED
719680009,Chronic tophaceous gout of toe,SNOMED
306551000119102,Chronic tophaceous gout of vertebra caused by drug,SNOMED
304301000119101,Chronic tophaceous gout of vertebra due to renal impairment,SNOMED
306591000119107,Chronic tophaceous gout of wrist caused by drug,SNOMED
304341000119104,Chronic tophaceous gout of wrist due to renal impairment,SNOMED
85985006,Chronic torsion of stomach,SNOMED
16014951000119102,Chronic total occlusion of artery of left lower limb,SNOMED
16005511000119109,Chronic total occlusion of artery of left upper limb,SNOMED
1388641001,Chronic total occlusion of artery of lower limb,SNOMED
16014831000119104,Chronic total occlusion of artery of right lower limb,SNOMED
16005431000119103,Chronic total occlusion of artery of right upper limb,SNOMED
1388642008,Chronic total occlusion of artery of upper limb,SNOMED
117051000119103,Chronic total occlusion of coronary artery,SNOMED
1217673001,Chronic toxic cicatrising conjunctivitis,SNOMED
1217672006,Chronic toxic follicular conjunctivitis,SNOMED
236523000,Chronic toxic interstitial nephritis,SNOMED
7457009,Chronic tracheitis,SNOMED
52571006,Chronic tracheobronchitis,SNOMED
1381853007,Chronic transudative otitis media,SNOMED
1344643006,Chronic traumatic diaphragmatic hernia,SNOMED
1187004001,Chronic traumatic encephalopathy,SNOMED
232241006,Chronic traumatic otitis externa,SNOMED
111352008,Chronic trichobezoar formation,SNOMED
43114002,Chronic trigonitis,SNOMED
1217665005,Chronic trochlear nerve palsy,SNOMED
1217663003,Chronic trochlear nerve palsy with spread of comitance,SNOMED
36347008,Chronic trophic ulcer of lower limb,SNOMED
111204001,Chronic trophic ulcer of skin,SNOMED
22990009,Chronic tuberculosis,SNOMED
38596008,Chronic tubotympanic catarrh,SNOMED
34790005,Chronic tubotympanic disease with anterior perforation of ear drum,SNOMED
87665008,Chronic tubotympanic suppurative otitis media,SNOMED
15979311000119100,Chronic tubotympanic suppurative otitis media of bilateral middle ears,SNOMED
1088581000119105,Chronic tubotympanic suppurative otitis media of left middle ear,SNOMED
1091191000119106,Chronic tubotympanic suppurative otitis media of right middle ear,SNOMED
1144909003,Chronic tubulo-interstitial nephritis due to connective tissue disorder,SNOMED
1388279003,Chronic tubulointerstitial nephritis caused by lead with hyperuricaemia,SNOMED
236453005,Chronic tubulointerstitial nephritis due to heavy metal,SNOMED
1144903002,Chronic tubulointerstitial nephritis due to ischaemia,SNOMED
1144897006,Chronic tubulointerstitial nephritis due to metabolic disease,SNOMED
1144899009,Chronic tubulointerstitial nephritis due to neoplastic disease,SNOMED
1144941009,Chronic tubulointerstitial nephritis following renal transplantation,SNOMED
89723004,Chronic tympanitis,SNOMED
61977001,Chronic type B viral hepatitis,SNOMED
427921009,Chronic ulcer of ankle,SNOMED
710166008,Chronic ulcer of back,SNOMED
710169001,Chronic ulcer of buttock,SNOMED
6051000119109,Chronic ulcer of calf,SNOMED
39023007,Chronic ulcer of corpus cavernosum,SNOMED
429445008,Chronic ulcer of foot,SNOMED
10635431000119108,Chronic ulcer of heel,SNOMED
10637911000119100,Chronic ulcer of left ankle,SNOMED
10640951000119102,Chronic ulcer of left calf,SNOMED
10635631000119106,Chronic ulcer of left foot,SNOMED
860980004,Chronic ulcer of left foot due to diabetes,SNOMED
10635831000119105,Chronic ulcer of left heel,SNOMED
10641151000119106,Chronic ulcer of left lower leg,SNOMED
10636031000119108,Chronic ulcer of left midfoot,SNOMED
10638311000119100,Chronic ulcer of left thigh,SNOMED
10634711000119107,Chronic ulcer of left toe,SNOMED
26649005,Chronic ulcer of lower limb,SNOMED
10636231000119104,Chronic ulcer of midfoot,SNOMED
74046003,Chronic ulcer of penis,SNOMED
250856961000119105,Chronic ulcer of pyloric antrum,SNOMED
10638111000119103,Chronic ulcer of right ankle,SNOMED
10641551000119102,Chronic ulcer of right calf,SNOMED
10636431000119100,Chronic ulcer of right foot,SNOMED
860979002,Chronic ulcer of right foot due to diabetes,SNOMED
10636631000119102,Chronic ulcer of right heel,SNOMED
10641751000119105,Chronic ulcer of right lower leg,SNOMED
10636831000119103,Chronic ulcer of right midfoot,SNOMED
10638511000119105,Chronic ulcer of right thigh,SNOMED
10634911000119105,Chronic ulcer of right toe,SNOMED
444768009,Chronic ulcer of sacral region,SNOMED
19429009,Chronic ulcer of skin,SNOMED
72141000119104,Chronic ulcer of skin due to type 1 diabetes,SNOMED
10637751000119102,Chronic ulcer of skin of ankle,SNOMED
10640791000119105,Chronic ulcer of skin of calf,SNOMED
10641391000119104,Chronic ulcer of skin of lower leg,SNOMED
429354005,Chronic ulcer of thigh,SNOMED
430935001,Chronic ulcer of toe,SNOMED
36139001,Chronic ulcerating interstitial cystitis,SNOMED
444546002,Chronic ulcerative colitis,SNOMED
15342002,Chronic ulcerative enterocolitis,SNOMED
13470001,Chronic ulcerative ileocolitis,SNOMED
442159003,Chronic ulcerative pancolitis,SNOMED
232405008,Chronic ulcerative pharyngitis,SNOMED
52231000,Chronic ulcerative proctitis,SNOMED
2955000,Chronic ulcerative pulpitis,SNOMED
52506002,Chronic ulcerative rectosigmoiditis,SNOMED
195771008,Chronic ulcerative rhinitis,SNOMED
707268007,Chronic ulcerative stomatitis,SNOMED
29599000,Chronic undifferentiated schizophrenia,SNOMED
79204003,Chronic undifferentiated schizophrenia with acute exacerbations,SNOMED
25349007,Chronic upper gastrointestinal haemorrhage,SNOMED
197928006,Chronic urinary tract infection,SNOMED
51611005,Chronic urticaria,SNOMED
1251405009,Chronic urticaria due to infectious disease,SNOMED
1251403002,Chronic urticaria due to pseudoallergy,SNOMED
198188007,Chronic uterine inflammatory disease,SNOMED
444248002,Chronic uveitis,SNOMED
14248008,Chronic vaginitis,SNOMED
40964007,Chronic valvulitis,SNOMED
51147005,Chronic vascular insufficiency,SNOMED
111354009,Chronic vascular insufficiency of intestine,SNOMED
722986000,Chronic venous infarction of spinal cord,SNOMED
16026431000119101,Chronic venous thrombosis,SNOMED
402218002,Chronic vesicular eczema of hands,SNOMED
402569001,Chronic vesicular eczema of hands and feet,SNOMED
788887009,Chronic viral carditis,SNOMED
230179001,Chronic viral encephalitis,SNOMED
10295004,Chronic viral hepatitis,SNOMED
235869004,Chronic viral hepatitis B with hepatitis D,SNOMED
186639003,Chronic viral hepatitis B without delta-agent,SNOMED
735451005,Chronic viral hepatitis D,SNOMED
232226006,Chronic viral otitis externa,SNOMED
737306007,Chronic visceral pain,SNOMED
39161000087100,Chronic visceral pain due to disorder,SNOMED
762601009,Chronic visceral pain due to persistent inflammation,SNOMED
762600005,Chronic visceral pain due to vascular disorder,SNOMED
39691000087103,Chronic visceral pain in abdominal region due to disorder,SNOMED
39701000087103,Chronic visceral pain in pelvic region due to disorder,SNOMED
39711000087101,Chronic visceral pain in thoracic region due to disorder,SNOMED
73462009,Chronic vocal tic disorder,SNOMED
63722008,Chronic vomiting,SNOMED
4232007,Chronic vulvitis,SNOMED
6887003,Chronic vulvovaginitis,SNOMED
92161000112103,Chronic wound,SNOMED
73281004,Chronic zinc deficiency,SNOMED
725417001,CHST3-related skeletal dysplasia,SNOMED
266468003,Cirrhosis - non-alcoholic,SNOMED
1332971000168108,Cirrhosis co-occurent and due to haemochromatosis,SNOMED
19943007,Cirrhosis of liver,SNOMED
725939009,Cirrhosis of liver caused by amiodarone,SNOMED
725938001,Cirrhosis of liver caused by methotrexate,SNOMED
725940006,Cirrhosis of liver caused by methyldopa,SNOMED
871619002,Cirrhosis of liver due to and following cardiac procedure,SNOMED
831000119103,Cirrhosis of liver due to chronic hepatitis C,SNOMED
103611000119102,Cirrhosis of liver due to hepatitis B,SNOMED
735733008,Cirrhosis of liver due to primary sclerosing cholangitis,SNOMED
271440004,Cirrhosis secondary to cholestasis,SNOMED
725416005,Cirrhotic cardiomyopathy,SNOMED
236404005,Classical focal segmental glomerulosclerosis,SNOMED
1340172003,"CLCN6-related childhood-onset progressive neurodegeneration, peripheral neuropathy syndrome",SNOMED
37688005,Clonorchiasis with biliary cirrhosis,SNOMED
405810005,Cogan's syndrome,SNOMED
1336027001,Combined immunodeficiency due to RELA haploinsufficiency,SNOMED
1332382002,COMMAD syndrome,SNOMED
33325001,Compensatory emphysema,SNOMED
722761003,Complement component 3 glomerulonephritis,SNOMED
722758004,Complement component 3 glomerulopathy,SNOMED
1336124006,Complement component 4 dense deposit disease,SNOMED
1336121003,Complement component 4 glomerulonephritis,SNOMED
128200000,Complex regional pain syndrome,SNOMED
734987002,Complex regional pain syndrome of foot,SNOMED
734989004,Complex regional pain syndrome of hand,SNOMED
734988007,Complex regional pain syndrome of knee,SNOMED
734986006,Complex regional pain syndrome of lower limb,SNOMED
712537009,Complex regional pain syndrome of upper limb,SNOMED
734947007,Complex regional pain syndrome type I,SNOMED
293951000119107,Complex regional pain syndrome type I of bilateral lower limbs,SNOMED
293921000119104,Complex regional pain syndrome type I of bilateral upper limbs,SNOMED
293931000119101,Complex regional pain syndrome type I of left lower limb,SNOMED
293941000119105,Complex regional pain syndrome type I of left upper limb,SNOMED
293961000119109,Complex regional pain syndrome type I of right lower limb,SNOMED
293971000119103,Complex regional pain syndrome type I of right upper limb,SNOMED
291781000119103,Complex regional pain syndrome type II of left lower limb,SNOMED
291761000119107,Complex regional pain syndrome type II of left upper limb,SNOMED
291791000119100,Complex regional pain syndrome type II of right lower limb,SNOMED
291771000119101,Complex regional pain syndrome type II of right upper limb,SNOMED
408751001,"Complex regional pain syndrome, type II",SNOMED
408749000,"Complex regional pain syndrome, type II, lower limb",SNOMED
408750000,"Complex regional pain syndrome, type II, upper limb",SNOMED
1601741000168108,Complicated chronic silicosis,SNOMED
230261006,Complicated hereditary spastic paraplegia,SNOMED
37980001,Concato's disease,SNOMED
719102004,Congenital cataract with ataxia and deafness syndrome,SNOMED
773579007,Congenital chronic diarrhoea with protein-losing enteropathy,SNOMED
16833831000119106,Congenital cutaneous mastocytosis,SNOMED
47895001,Congenital emphysema,SNOMED
111501005,Congenital hereditary muscular dystrophy,SNOMED
66987001,Congenital lobar emphysema,SNOMED
722392003,Congenital malabsorptive diarrhoea due to paucity of enteroendocrine cells,SNOMED
771272007,Congenital muscular dystrophy due to LMNA mutation,SNOMED
787037000,Congenital muscular dystrophy type 1A,SNOMED
764944006,Congenital muscular dystrophy type 1B,SNOMED
890368007,Congenital muscular dystrophy type 1C due to fukutin related protein gene mutation,SNOMED
890395002,Congenital muscular dystrophy type 1D large gene mutation,SNOMED
240061000,Congenital muscular dystrophy with arthrogryposis multiplex congenita,SNOMED
783176002,Congenital muscular dystrophy with cerebellar involvement,SNOMED
763314009,Congenital muscular dystrophy with hyperlaxity,SNOMED
715429006,Congenital muscular dystrophy with infantile cataract and hypogonadism syndrome,SNOMED
771267003,Congenital muscular dystrophy with integrin alpha-7 deficiency,SNOMED
783174004,Congenital muscular dystrophy with intellectual disability,SNOMED
782772000,Congenital muscular dystrophy with intellectual disability and severe epilepsy,SNOMED
783175003,Congenital muscular dystrophy without intellectual disability,SNOMED
1172688004,"Congenital muscular dystrophy, respiratory failure, skin abnormalities, joint hyperlaxity syndrome",SNOMED
55016009,Congenital muscular hypertrophy-cerebral syndrome,SNOMED
725420009,Congenital myopathy Paradas type,SNOMED
240104008,Congenital myotonic dystrophy,SNOMED
720830009,Congenital neuronal ceroid lipofuscinosis type 10,SNOMED
1300192007,Congenital pontocerebellar hypoplasia type 14,SNOMED
275376007,Congenital syphilitic chronic coryza,SNOMED
82523003,Congestive rheumatic heart failure,SNOMED
191811004,Continuous chronic alcoholism,SNOMED
13645005,COPD,SNOMED
106001000119101,COPD co-occurrent with acute bronchitis,SNOMED
196001008,COPD with acute lower respiratory infection,SNOMED
1388893002,COQ7 gene related distal hereditary motor neuropathy,SNOMED
18842008,Corticobasal degeneration,SNOMED
1230018005,Corticobasal syndrome,SNOMED
1259634008,Cranial arachnoiditis,SNOMED
783179009,Cranio-cervical dystonia with laryngeal and upper limb involvement,SNOMED
278833002,Craniometadiaphyseal dysplasia,SNOMED
725099009,Craniometadiaphyseal dysplasia wormian bone type,SNOMED
45256007,Cruveilhier-Baumgarten syndrome,SNOMED
89580002,Cryptogenic cirrhosis,SNOMED
233692000,Cryptogenic pulmonary eosinophilia,SNOMED
238415008,Cutaneous botryomycosis,SNOMED
397012002,Cutaneous mastocytosis,SNOMED
2912004,Cystic-bullous disease of the lung,SNOMED
13285005,Cystitis cystica,SNOMED
571000119103,Daily headache,SNOMED
424404003,Decompensated chronic heart failure,SNOMED
716203000,Decompensated cirrhosis of liver,SNOMED
313294001,Degeneration of lateral meniscus,SNOMED
32022003,Degenerative progressive high myopia,SNOMED
341081000119102,Degenerative progressive high myopia of left eye,SNOMED
335471000119108,Degenerative progressive high myopia of right eye,SNOMED
82959004,Dementia paralytica juvenilis,SNOMED
722760002,Dense deposit disease,SNOMED
770943008,Dentin dysplasia with sclerotic bone syndrome,SNOMED
69254008,Denture stomatitis,SNOMED
254099008,Desbuquois syndrome,SNOMED
1367802006,Diabetes due to chronic pancreatitis,SNOMED
1172604004,DIAPH1-related sensorineural hearing loss-thrombocytopenia syndrome,SNOMED
34643004,Diaphyseal dysplasia,SNOMED
1388496004,Difficult-to-treat asthma,SNOMED
397014001,Diffuse erythrodermic mastocytosis,SNOMED
724647003,Diffuse large B-cell lymphoma co-occurrent with chronic inflammation caused by Epstein-Barr virus,SNOMED
1381825007,Diffuse membranous glomerulonephritis,SNOMED
1381893005,Diffuse mesangiocapillary glomerulonephritis,SNOMED
197293003,Diffuse nodular cirrhosis,SNOMED
430476004,Diffuse panbronchiolitis,SNOMED
783166000,Distal anoctaminopathy,SNOMED
770630005,Distal hereditary motor neuropathy type 1,SNOMED
1230343006,Distal hereditary motor neuropathy type 2,SNOMED
771081007,Distal hereditary motor neuropathy type 7,SNOMED
58795000,Distal muscular dystrophy,SNOMED
193230001,Distal muscular dystrophy with juvenile onset,SNOMED
111506000,"Distal muscular dystrophy, Miyoshi type",SNOMED
702383005,Distal myopathy 2,SNOMED
726107008,Distal myopathy Welander type,SNOMED
782675008,Distal myopathy with anterior tibial onset,SNOMED
733489002,Distal myopathy with posterior leg and anterior hand involvement,SNOMED
783148005,Distal nebulin myopathy,SNOMED
230247001,Distal spinal muscular atrophy,SNOMED
235889003,Drug-induced chronic hepatitis,SNOMED
235955000,Drug-induced chronic pancreatitis,SNOMED
425413006,Drug-induced cirrhosis of liver,SNOMED
76670001,Duchenne muscular dystrophy,SNOMED
254123002,Dysosteosclerosis,SNOMED
1370820004,Dysplasia of epiphyseal plate,SNOMED
715861004,Dysplasia of head of femur Meyer type,SNOMED
1281844004,Dystonia 28,SNOMED
371139006,Early cirrhosis,SNOMED
702343002,Early onset myopathy with fatal cardiomyopathy,SNOMED
716107009,Early onset parkinsonism and intellectual disability syndrome,SNOMED
239799007,Early onset polyarticular juvenile chronic arthritis,SNOMED
1222661007,"Early-onset calcifying leukoencephalopathy, skeletal dysplasia",SNOMED
1169356004,"Early-onset progressive encephalopathy, hearing loss, pons hypoplasia, brain atrophy syndrome",SNOMED
1172588008,"Early-onset progressive encephalopathy, spastic ataxia, distal spinal muscular atrophy syndrome",SNOMED
771514002,"Early-onset progressive neurodegeneration, blindness, ataxia, spasticity syndrome",SNOMED
771469002,"Early-onset spastic ataxia, myoclonic epilepsy, neuropathy syndrome",SNOMED
240063002,Eichsfeld type congenital muscular dystrophy,SNOMED
720863002,Eiken syndrome,SNOMED
445928005,Eisenmenger's syndrome,SNOMED
72898003,Elastotic nodules of antihelix,SNOMED
556648471000119106,Elephantiasis nostra verrucosa,SNOMED
111508004,Emery-Dreifuss muscular dystrophy,SNOMED
1010333003,Emphysema of left lung,SNOMED
1010334009,Emphysema of right lung,SNOMED
57686001,Emphysematous bleb of lung,SNOMED
568721071000119105,Empty nose syndrome,SNOMED
783184003,Encrusted cystitis,SNOMED
135836000,End stage COPD,SNOMED
712487000,End stage renal disease due to benign hypertension,SNOMED
111411000119103,End stage renal disease due to hypertension,SNOMED
368471000119109,End stage renal disease on dialysis due to drug induced diabetes,SNOMED
153891000119101,End stage renal disease on dialysis due to hypertension,SNOMED
90771000119100,End stage renal disease on dialysis due to type 1 diabetes,SNOMED
90791000119104,End stage renal disease on dialysis due to type 2 diabetes,SNOMED
236435004,End stage renal failure on dialysis,SNOMED
236436003,End stage renal failure with renal transplant,SNOMED
236434000,End stage renal failure without renal replacement therapy,SNOMED
46177005,End-stage renal disease,SNOMED
254130008,Endosteal hyperostoses,SNOMED
254132000,Endosteal hyperostoses with cerebellar hypoplasia,SNOMED
449805002,Eosinophilic cholangitis,SNOMED
717878007,Eosinophilic duodenal ulcer,SNOMED
717873003,Eosinophilic duodenitis,SNOMED
100171000119109,Eosinophilic mucin rhinosinusitis,SNOMED
93447004,Eosinophilic nonallergic rhinitis,SNOMED
235599003,Eosinophilic oesophagitis,SNOMED
735455001,Eosinophilic oesophagitis caused by food,SNOMED
402450009,"Epidermolysis bullosa acquisita, Brunsting-Perry type",SNOMED
402448001,"Epidermolysis bullosa acquisita, bullous pemphigoid-like",SNOMED
402449009,"Epidermolysis bullosa acquisita, cicatricial pemphigoid-like",SNOMED
402447006,"Epidermolysis bullosa acquisita, classical acral type",SNOMED
402451008,"Epidermolysis bullosa acquisita, oral mucosal involvement",SNOMED
403632002,Epidermolysis bullosa due to drug,SNOMED
723308003,Epidermolysis bullosa simplex with muscular dystrophy,SNOMED
254080004,Epiphyseal dysplasia,SNOMED
766870005,"Epiphyseal dysplasia, hearing loss, dysmorphism syndrome",SNOMED
1003309003,Erosive vitreoretinopathy,SNOMED
33563008,Essential vulvodynia,SNOMED
410038006,Eumycotic mycetoma,SNOMED
410040001,Eumycotic mycetoma of foot,SNOMED
1260203008,EVEN-plus syndrome,SNOMED
192929006,Exacerbation of multiple sclerosis,SNOMED
1296646001,Exacerbation of psoriasis,SNOMED
1156819003,Extended onset antinuclear antibody negative juvenile idiopathic oligoarthritis,SNOMED
1156817001,Extended onset antinuclear antibody positive juvenile idiopathic oligoarthritis,SNOMED
238933009,Extragenital lichen sclerosus,SNOMED
1251348004,Extragenital lichen sclerosus and morphoea,SNOMED
230335009,Facial tic disorder,SNOMED
399091004,Facioscapulohumeral muscular dystrophy,SNOMED
230249003,Facioscapulohumeral spinal muscular atrophy,SNOMED
230250003,Facioscapulohumeral spinal muscular atrophy with sensory loss,SNOMED
403210001,Familial actinic prurigo of lip,SNOMED
79468000,Familial benign pemphigus,SNOMED
1220590003,Familial chilblain lupus erythematosus,SNOMED
235073000,Familial chronic mucocutaneous candidiasis,SNOMED
240714007,Familial chronic mucocutaneous candidiasis - dominant type,SNOMED
240717000,Familial chronic mucocutaneous candidiasis - late onset type,SNOMED
240716009,Familial chronic mucocutaneous candidiasis - recessive type,SNOMED
235956004,Familial chronic pancreatitis,SNOMED
1263445009,Familial gigantiform cementoma of jaw,SNOMED
426437004,Familial idiopathic pulmonary fibrosis,SNOMED
445404003,Familial IgA nephropathy,SNOMED
1208478005,Familial infantile bilateral striatal necrosis,SNOMED
404173006,Familial mastocytosis,SNOMED
707208009,Familial non-obstructive reflux-associated chronic pyelonephritis,SNOMED
238783008,Familial pigmented purpuric eruption,SNOMED
1172636006,"Familial progressive retinal dystrophy, iris coloboma, congenital cataract syndrome",SNOMED
1396029001,Familial pulmonary fibrosis,SNOMED
774206008,Fatal post-viral neurodegenerative disorder,SNOMED
197294009,Fatty portal cirrhosis,SNOMED
42887008,Favus caused by Lophophyton gallinae,SNOMED
78854006,Favus caused by Trichophyton schoenleinii,SNOMED
84409004,Fetid chronic bronchitis,SNOMED
203082005,Fibromyalgia,SNOMED
24693007,Fibromyositis,SNOMED
1348304006,"Fibrosis, neurodegeneration, cerebral angiomatosis syndrome",SNOMED
203104007,Fibrositis of neck,SNOMED
84362007,Fibrous autoimmune thyroiditis,SNOMED
763718009,Finnish upper limb onset distal myopathy,SNOMED
238092004,Fish-eye disease,SNOMED
76301009,Florid cirrhosis,SNOMED
244183009,Fluorosis,SNOMED
197626007,Focal membranoproliferative glomerulonephritis,SNOMED
236403004,Focal segmental glomerulosclerosis,SNOMED
722139003,Focal segmental glomerulosclerosis caused by lithium,SNOMED
1293115007,Focal segmental glomerulosclerosis caused by substance,SNOMED
713887002,Focal segmental glomerulosclerosis co-occurrent with HIV infection,SNOMED
722147003,Focal segmental glomerulosclerosis due to sickle cell disease,SNOMED
1293119001,Focal segmental glomerulosclerosis with infectious disease,SNOMED
64956000,Follicular cystitis,SNOMED
89891003,Follicular urethritis,SNOMED
10394003,Friedreich's ataxia,SNOMED
716108004,Fryns macrocephaly,SNOMED
340671000119102,Fuchs' heterochromic cyclitis of left eye,SNOMED
335061000119105,Fuchs' heterochromic cyclitis of right eye,SNOMED
111502003,Fukuyama congenital muscular dystrophy,SNOMED
1197719006,Functional abdominal pain of childhood,SNOMED
449890002,Functional abdominal pain syndrome,SNOMED
194204009,Furunculosis of external auditory meatus,SNOMED
24078009,Gangosa of yaws,SNOMED
782690007,Gemignani syndrome,SNOMED
51928006,General paresis - neurosyphilis,SNOMED
707251008,Generalised chronic periodontitis,SNOMED
402421002,Generalised extragenital lichen sclerosus,SNOMED
93464001,Generalised marginal gingivitis,SNOMED
718062006,Generalised moderate chronic periodontitis,SNOMED
718061004,Generalised severe chronic periodontitis,SNOMED
718060003,Generalised slight chronic periodontitis,SNOMED
238932004,Genital lichen sclerosus,SNOMED
230338006,Gestural tic disorder,SNOMED
16003001,Giant bullous emphysema,SNOMED
238632001,Giant porokeratosis,SNOMED
536002,Glissonian cirrhosis,SNOMED
1172696009,"Global developmental delay, visual anomalies, progressive cerebellar atrophy, truncal hypotonia syndrome",SNOMED
1351676004,Goitrous Hashimoto thyroiditis,SNOMED
236520002,Gold nephropathy,SNOMED
232065000,Goldmann-Favre syndrome,SNOMED
41352000,Granulomatosis disciformis et progressiva,SNOMED
722871007,Groove pancreatitis,SNOMED
774204006,"Growth retardation, mild developmental delay, chronic hepatitis syndrome",SNOMED
238934003,Guttate lichen sclerosus,SNOMED
368971000119101,Haematuria co-occurrent and due to chronic cystitis,SNOMED
32599008,Haemodialysis-associated amyloidosis,SNOMED
402458002,Haemodialysis-associated secondary amyloidosis of skin,SNOMED
60805002,Haemolytic anaemia with emphysema AND cutis laxa,SNOMED
1303408008,Hallucinogen persisting perception disorder,SNOMED
21983002,Hashimoto thyroiditis,SNOMED
237500008,Hashitoxicosis - transient,SNOMED
722890004,Heart disease co-occurrent and due to chronic Chagas disease,SNOMED
443095000,Hemicrania continua,SNOMED
13753008,Hemifacial spasm,SNOMED
15630241000119104,Hemifacial spasm of left facial nerve,SNOMED
15630201000119101,Hemifacial spasm of right facial nerve,SNOMED
722453009,Hennekam Beemer syndrome,SNOMED
1092801000119102,Hepatic ascites co-occurrent with chronic active hepatitis due to toxic liver disease,SNOMED
235865005,Hepatitis D superinfection of hepatitis B carrier,SNOMED
56453003,"Hereditary cerebral amyloid angiopathy, Dutch type",SNOMED
45639009,"Hereditary cerebral amyloid angiopathy, Icelandic type",SNOMED
724357007,Hereditary cerebral haemorrhage with amyloidosis,SNOMED
771306007,"Hereditary fibrosing poikiloderma, tendon contractures, myopathy, pulmonary fibrosis syndrome",SNOMED
63684002,Hereditary hollow viscus myopathy,SNOMED
771143004,Hereditary motor and sensory neuropathy type 5,SNOMED
771144005,Hereditary motor and sensory neuropathy with acrodystrophy,SNOMED
240053005,Hereditary myopathy limited to females,SNOMED
368941000119108,Hereditary nephropathy co-occurrent with membranoproliferative glomerulonephritis type III,SNOMED
716697002,Hereditary persistence of alpha-fetoprotein,SNOMED
771300001,Hereditary progressive mucinous histiocytosis,SNOMED
193225000,Hereditary progressive muscular dystrophy,SNOMED
783198006,Hereditary sensory and autonomic neuropathy due to TECPR2 mutation,SNOMED
717827000,Hereditary sensory and autonomic neuropathy with spastic paraplegia,SNOMED
39912006,Hereditary spastic paraplegia,SNOMED
721148005,Hip dysplasia Beukes type,SNOMED
127217009,Histiocytic necrotising lymphadenitis,SNOMED
235831009,Hollow visceral myopathy,SNOMED
702381007,Horizontal gaze palsy with progressive scoliosis,SNOMED
770939009,Huntington disease-like 3,SNOMED
58756001,Huntington's chorea,SNOMED
240064008,Hutterite type of muscular dystrophy,SNOMED
71110009,Hydrocalycosis,SNOMED
236405006,Hyperfiltration focal segmental glomerulosclerosis,SNOMED
238551004,Hyperkeratotic eczema of hands and feet,SNOMED
238556009,Hyperkeratotic eczema of palms,SNOMED
238562004,Hyperkeratotic eczema of soles,SNOMED
238555008,Hyperkeratotic fissured eczema of palms,SNOMED
402172000,Hypermelanosis due to phytophotodermatitis,SNOMED
1217210001,Hyperostosis cranialis interna,SNOMED
59763006,Hyperphosphatasaemia tarda,SNOMED
84161008,Hyperplastic gingivitis,SNOMED
704667004,Hypertension concurrent and due to end stage renal disease on dialysis,SNOMED
128001000119105,Hypertension concurrent and due to end stage renal disease on dialysis due to type 1 diabetes,SNOMED
127991000119101,Hypertension concurrent and due to end stage renal disease on dialysis due to type 2 diabetes,SNOMED
71701000119105,Hypertension in chronic kidney disease due to type 1 diabetes,SNOMED
71421000119105,Hypertension in chronic kidney disease due to type 2 diabetes,SNOMED
1332464001,Hypertension in chronic kidney disease stage 2 due to type 1 diabetes,SNOMED
140131000119102,Hypertension in chronic kidney disease stage 2 due to type 2 diabetes,SNOMED
1332442005,Hypertension in chronic kidney disease stage 3 due to type 1 diabetes,SNOMED
140121000119100,Hypertension in chronic kidney disease stage 3 due to type 2 diabetes,SNOMED
1332441003,Hypertension in chronic kidney disease stage 3A due to type 1 diabetes,SNOMED
1332466004,Hypertension in chronic kidney disease stage 3A due to type 2 diabetes,SNOMED
1332436006,Hypertension in chronic kidney disease stage 3B due to type 1 diabetes,SNOMED
1332465000,Hypertension in chronic kidney disease stage 3B due to type 2 diabetes,SNOMED
1332468003,Hypertension in chronic kidney disease stage 4 due to type 1 diabetes,SNOMED
140111000119107,Hypertension in chronic kidney disease stage 4 due to type 2 diabetes,SNOMED
1332467008,Hypertension in chronic kidney disease stage 5 due to type 1 diabetes,SNOMED
140101000119109,Hypertension in chronic kidney disease stage 5 due to type 2 diabetes,SNOMED
8501000119104,Hypertensive heart and chronic kidney disease,SNOMED
96701000119107,Hypertensive heart AND chronic kidney disease on dialysis,SNOMED
96751000119106,Hypertensive heart AND chronic kidney disease stage 1,SNOMED
96741000119109,Hypertensive heart AND chronic kidney disease stage 2,SNOMED
96731000119100,Hypertensive heart AND chronic kidney disease stage 3,SNOMED
96721000119103,Hypertensive heart AND chronic kidney disease stage 4,SNOMED
96711000119105,Hypertensive heart AND chronic kidney disease stage 5,SNOMED
27538003,Hyperthyroidism with Hashimoto disease,SNOMED
60002000,Hypertrophic gastritis,SNOMED
776416004,"Hyperuricaemia, pulmonary hypertension, renal failure, alkalosis syndrome",SNOMED
721846006,"Hypomyelination, hypogonadotropic hypogonadism, hypodontia syndrome",SNOMED
1255269005,Hypothalamic adipsic hypernatraemia syndrome,SNOMED
235897005,Hypoxia-associated cirrhosis,SNOMED
1217647006,Idiopathic chronic anterior uveitis,SNOMED
6398009,Idiopathic chronic cold agglutinin disease,SNOMED
286963007,Idiopathic chronic hypotension,SNOMED
235953007,Idiopathic chronic pancreatitis,SNOMED
82112005,Idiopathic chronic tubulointerstitial nephritis,SNOMED
715864007,Idiopathic copper associated cirrhosis of liver,SNOMED
1234822009,Idiopathic ductopenia,SNOMED
11480007,Idiopathic granulomatous interstitial nephropathy,SNOMED
722119002,Idiopathic membranous glomerulonephritis,SNOMED
700250006,Idiopathic pulmonary fibrosis,SNOMED
23189007,Idiopathic vulvodynia,SNOMED
1396396008,IFIH1-related hereditary spastic paraplegia,SNOMED
236407003,IgA nephropathy,SNOMED
282364005,IgA nephropathy associated with liver disease,SNOMED
236411009,IgM nephropathy,SNOMED
6183001,Indian childhood cirrhosis,SNOMED
703543005,Infantile ascending hereditary spastic paralysis,SNOMED
770725000,Infantile cerebral and cerebellar atrophy with postnatal progressive microcephaly,SNOMED
367489004,Infantile malignant osteopetrosis,SNOMED
1303585005,"Infantile neurodegeneration, progressive spasticity, intellectual disability, white matter lesions syndrome",SNOMED
58258004,Infantile neuronal ceroid lipofuscinosis,SNOMED
773328002,Infantile onset panniculitis with uveitis and systemic granulomatosis,SNOMED
724226009,Infantile osteopetrosis with neuroaxonal dysplasia syndrome,SNOMED
1260129000,"Infantile-onset axonal motor and sensory neuropathy, optic atrophy, neurodegenerative syndrome",SNOMED
1197476009,"Infantile-onset pulmonary alveolar proteinosis, hypogammaglobulinaemia",SNOMED
722168002,Infection-associated membranous nephropathy,SNOMED
235896001,Infectious cirrhosis,SNOMED
1162918009,Infective dermatitis associated with human T-cell lymphotropic virus 1 infection,SNOMED
763743003,"Intellectual disability, spasticity, ectrodactyly syndrome",SNOMED
39422006,"Interface dermatitis, lichenoid type",SNOMED
1348306008,Intermediate collagen VI-related muscular dystrophy,SNOMED
1197156008,Intermediate nemaline myopathy,SNOMED
240049008,Intermediate X-linked muscular dystrophy,SNOMED
77690003,Interstitial emphysema of lung,SNOMED
90610005,Interstitial pulmonary fibrosis of prematurity,SNOMED
290531000119102,Intractable chronic tension headache,SNOMED
720009004,Intractable diarrhoea with choanal atresia and eye anomaly syndrome,SNOMED
1303273003,"IRF2BPL-related regressive neurodevelopmental disorder, dystonia, seizures syndrome",SNOMED
235663001,Isolated granulomatous gastritis,SNOMED
1187126002,ITM2B-related amyloidosis,SNOMED
1208747005,ITPA-related lethal infantile neurological disorder with cataract and cardiac involvement,SNOMED
84801008,Jaccoud's syndrome,SNOMED
718555006,Juvenile amyotrophic lateral sclerosis,SNOMED
1201947005,Juvenile amyotrophic lateral sclerosis type 2,SNOMED
1201961000,Juvenile amyotrophic lateral sclerosis type 5,SNOMED
201805000,Juvenile arthritis in Crohn's disease,SNOMED
201807008,Juvenile arthritis in ulcerative colitis,SNOMED
239809007,Juvenile arthritis of inflammatory bowel disease,SNOMED
410502007,Juvenile idiopathic arthritis,SNOMED
1335787003,Juvenile idiopathic arthritis of ankle,SNOMED
16041871000119108,Juvenile idiopathic arthritis of bilateral ankles,SNOMED
16044671000119106,Juvenile idiopathic arthritis of bilateral elbows,SNOMED
16041751000119109,Juvenile idiopathic arthritis of bilateral feet,SNOMED
16041831000119105,Juvenile idiopathic arthritis of bilateral hips,SNOMED
16041791000119104,Juvenile idiopathic arthritis of bilateral knees,SNOMED
1335788008,Juvenile idiopathic arthritis of elbow,SNOMED
298011000119101,Juvenile idiopathic arthritis of foot,SNOMED
1335791008,Juvenile idiopathic arthritis of hip,SNOMED
16044631000119108,Juvenile idiopathic arthritis of joint of bilateral wrist regions,SNOMED
1335798002,Juvenile idiopathic arthritis of joint of left wrist region,SNOMED
1335799005,Juvenile idiopathic arthritis of joint of right wrist region,SNOMED
1335797007,Juvenile idiopathic arthritis of joint of wrist region,SNOMED
1335794000,Juvenile idiopathic arthritis of knee,SNOMED
1335785006,Juvenile idiopathic arthritis of left ankle,SNOMED
1335789000,Juvenile idiopathic arthritis of left elbow,SNOMED
300931000119100,Juvenile idiopathic arthritis of left foot,SNOMED
1335792001,Juvenile idiopathic arthritis of left hip,SNOMED
1335795004,Juvenile idiopathic arthritis of left knee,SNOMED
1335786007,Juvenile idiopathic arthritis of right ankle,SNOMED
1335790009,Juvenile idiopathic arthritis of right elbow,SNOMED
301031000119107,Juvenile idiopathic arthritis of right foot,SNOMED
1335793006,Juvenile idiopathic arthritis of right hip,SNOMED
1335796003,Juvenile idiopathic arthritis of right knee,SNOMED
410801005,"Juvenile idiopathic arthritis, enthesitis related arthritis",SNOMED
410800006,"Juvenile idiopathic arthritis, extended oligoarthritis",SNOMED
410798004,"Juvenile idiopathic arthritis, oligoarthritis",SNOMED
410799007,"Juvenile idiopathic arthritis, persistent oligoarthritis",SNOMED
410802003,"Juvenile idiopathic arthritis, undifferentiated arthritis",SNOMED
61663001,Juvenile neuronal ceroid lipofuscinosis,SNOMED
1396165009,Juvenile onset chronic anterior uveitis,SNOMED
230299004,Juvenile onset Huntington's disease,SNOMED
230291001,Juvenile Parkinson's disease,SNOMED
266471006,Juvenile portal cirrhosis,SNOMED
239802003,Juvenile psoriatic arthritis,SNOMED
239803008,Juvenile psoriatic arthritis with psoriasis,SNOMED
410797009,Juvenile seronegative polyarthritis,SNOMED
410796000,Juvenile seropositive polyarthritis,SNOMED
239806000,Juvenile spondyloarthropathy,SNOMED
1366416001,Juvenile-onset Steinert myotonic dystrophy,SNOMED
42402006,Kartagener syndrome,SNOMED
782738008,Karyomegalic interstitial nephritis,SNOMED
763776004,Kelch like family member 9 related early-onset distal myopathy,SNOMED
373601005,Keratosis lichenoides chronica,SNOMED
54280009,Kugelberg-Welander disease,SNOMED
1172590009,"Kyphoscoliosis, lateral tongue atrophy, hereditary spastic paraplegia syndrome",SNOMED
1172591008,"Kyphosis, lateral tongue atrophy, myofibrillar myopathy syndrome",SNOMED
235895002,"Laennec's cirrhosis, non-alcoholic",SNOMED
764859001,Laing early-onset distal myopathy,SNOMED
1279883006,Laminin alpha-2 related limb girdle muscular dystrophy R23,SNOMED
38494008,Langer mesomelic dysplasia syndrome,SNOMED
67081008,Large plaque parapsoriasis,SNOMED
63387002,Larsen syndrome,SNOMED
764956007,"Larsen-like osseous dysplasia, short stature syndrome",SNOMED
763778003,Larsen-like syndrome B3GAT3 type,SNOMED
195866009,Laryngeal pachydermia,SNOMED
59454008,Laryngitis sicca,SNOMED
1144908006,Late chronic graft-versus-host disease,SNOMED
230300007,Late onset Huntington's disease,SNOMED
239800006,Late onset polyarticular juvenile chronic arthritis,SNOMED
240069003,Late onset proximal muscular dystrophy with dysarthria,SNOMED
14637005,Late-infantile neuronal ceroid lipofuscinosis,SNOMED
1366417005,Late-onset Steinert myotonic dystrophy,SNOMED
123716002,Latent cirrhosis,SNOMED
1088391000119100,Left chronic allergic otitis media,SNOMED
1088411000119100,Left chronic eustachian salpingitis,SNOMED
341551000119104,Left chronic lacrimal gland enlargement,SNOMED
341541000119101,Left chronic lacrimal mucocele,SNOMED
1088551000119103,Left chronic serosanguineous otitis media,SNOMED
340831000119101,Left essential iris atrophy,SNOMED
339051000119106,Left orbital granuloma,SNOMED
856856651000119109,Left peroneal vein chronic deep venous thrombosis,SNOMED
338491000119102,Left progressive external ophthalmoplegia,SNOMED
15628691000119105,Left Sorsby pseudoinflammatory fundus dystrophy,SNOMED
719409004,Lethal Larsen-like syndrome,SNOMED
718105008,Lichen amyloidosis,SNOMED
238782003,Lichen aureus,SNOMED
402242003,Lichen nuchae,SNOMED
895454001,Lichen sclerosus,SNOMED
895649002,Lichen sclerosus bullous type,SNOMED
782666006,Lichen sclerosus of anus,SNOMED
402714001,Lichen sclerosus of male genitalia,SNOMED
700082001,Lichen sclerosus of penis,SNOMED
403564004,"Lichen sclerosus of penis, childhood form",SNOMED
895491007,Lichen sclerosus of vulva,SNOMED
53891004,Lichen simplex chronicus,SNOMED
724465009,Lichen simplex of male genitalia,SNOMED
402241005,Lichen simplex of perianal skin,SNOMED
402240006,Lichen simplex of scrotum,SNOMED
402243008,Lichen simplex of vulva,SNOMED
238672005,Lichenoid allergic contact dermatitis,SNOMED
402357008,Lichenoid chronic graft-versus-host disease,SNOMED
1234819007,Limb girdle muscular dystrophy due to POMK deficiency,SNOMED
1179297007,LIMS2-related limb girdle muscular dystrophy,SNOMED
84241008,Lipoid dermatoarthritis,SNOMED
1010616001,Liver cirrhosis due to classical cystic fibrosis,SNOMED
707252001,Localised chronic periodontitis,SNOMED
403568001,Localised extragenital lichen sclerosus,SNOMED
715286003,Localised moderate chronic periodontitis,SNOMED
715287007,Localised severe chronic periodontitis,SNOMED
715285004,Localised slight chronic periodontitis,SNOMED
716380002,Logopenic progressive aphasia,SNOMED
236542001,Long-term disorder of dialysis,SNOMED
783618006,Lower motor neuron syndrome with late-adult onset,SNOMED
721975004,Lowry Wood syndrome,SNOMED
1354861009,"Lung disease, immunodeficiency, chromosome breakage syndrome",SNOMED
717879004,Lymphocytic duodenal ulcer,SNOMED
717874009,Lymphocytic duodenitis,SNOMED
360375007,Lymphocytic gastritis,SNOMED
234099003,Lymphoedema due to lymphogranuloma venereum,SNOMED
83014000,MacCallum's patch,SNOMED
43904005,Macronodular cirrhosis,SNOMED
1332134000,Maculopapular cutaneous mastocytosis,SNOMED
38700005,Madura foot caused by Actinomadura pelletieri,SNOMED
26067004,Madura foot caused by Streptomyces,SNOMED
111796005,Madura foot caused by Streptomyces somaliensis,SNOMED
703540008,Majeed syndrome,SNOMED
19661000,Malayan elephantiasis,SNOMED
722086002,Malignancy-associated membranous nephropathy,SNOMED
285831000119108,Malignant hypertensive chronic kidney disease,SNOMED
285851000119102,Malignant hypertensive chronic kidney disease stage 1,SNOMED
285861000119100,Malignant hypertensive chronic kidney disease stage 2,SNOMED
285871000119106,Malignant hypertensive chronic kidney disease stage 3,SNOMED
285881000119109,Malignant hypertensive chronic kidney disease stage 4,SNOMED
153851000119106,Malignant hypertensive chronic kidney disease stage 5,SNOMED
285841000119104,Malignant hypertensive end stage renal disease,SNOMED
286371000119107,Malignant hypertensive end stage renal disease on dialysis,SNOMED
439567002,Malignant multiple sclerosis,SNOMED
240050008,Manifesting female carrier of X-linked muscular dystrophy,SNOMED
766246000,Marburg acute multiple sclerosis,SNOMED
1153581007,Matrix stone formation during renal dialysis,SNOMED
197143009,Megacolon in Chagas' disease,SNOMED
1230273004,Megaconial congenital muscular dystrophy,SNOMED
196599007,Megaoesophagus in Chagas' disease,SNOMED
77182004,Membranous glomerulonephritis,SNOMED
236413007,Membranous glomerulonephritis - stage I,SNOMED
236414001,Membranous glomerulonephritis - stage II,SNOMED
236415000,Membranous glomerulonephritis - stage III,SNOMED
236416004,Membranous glomerulonephritis - stage IV,SNOMED
722120008,Membranous glomerulonephritis caused by drug,SNOMED
236417008,Membranous glomerulonephritis stage V,SNOMED
1236805005,MEPAN syndrome,SNOMED
111503008,Merosin deficient congenital muscular dystrophy,SNOMED
80321008,Mesangiocapillary glomerulonephritis,SNOMED
236409000,Mesangiocapillary glomerulonephritis type III,SNOMED
236410005,Mesangiocapillary glomerulonephritis type IV,SNOMED
75888001,"Mesangiocapillary glomerulonephritis, type I",SNOMED
13889008,Methyl CCNU nephropathy,SNOMED
21861000,Micronodular cirrhosis,SNOMED
720010009,Microphthalmia with brain atrophy syndrome,SNOMED
28295001,Middle lobe syndrome,SNOMED
78324009,Mild chronic ulcerative colitis,SNOMED
313296004,Mild COPD,SNOMED
1303457006,Mild neonatal bronchopulmonary dysplasia,SNOMED
10676231000119102,Mild persistent asthma uncontrolled co-occurrent with allergic rhinitis,SNOMED
785809005,Mills syndrome,SNOMED
44785005,Minimal change disease,SNOMED
1300194008,Mitchell syndrome,SNOMED
718214007,Mitochondrial neurogastrointestinal encephalomyopathy syndrome,SNOMED
201252003,Mixed diabetic ulcer - foot,SNOMED
15999000,Mixed micro and macronodular cirrhosis,SNOMED
708975004,Mixed renal osteodystrophy,SNOMED
195953005,Mixed simple and mucopurulent chronic bronchitis,SNOMED
1172585006,MME-related autosomal dominant Charcot Marie Tooth disease type 2,SNOMED
78712000,Moderate chronic ulcerative colitis,SNOMED
313297008,Moderate COPD,SNOMED
1303458001,Moderate neonatal bronchopulmonary dysplasia,SNOMED
10676671000119102,Moderate persistent asthma uncontrolled co-occurrent with allergic rhinitis,SNOMED
1153376004,Monoarticular chronic gout caused by lead,SNOMED
1153373007,Monoarticular chronic primary gouty arthritis,SNOMED
16043231000119108,Monoarticular juvenile idiopathic arthritis,SNOMED
778048001,MT-ATP6-related mitochondrial spastic paraplegia,SNOMED
74417001,Mucopurulent chronic bronchitis,SNOMED
6485001,Mucosanguinous chronic otitis media,SNOMED
266469006,Multilobular portal cirrhosis,SNOMED
254098000,Multiple dislocations with dysplasia,SNOMED
59708000,Multiple epiphyseal dysplasia,SNOMED
719688002,Multiple epiphyseal dysplasia Al-Gazali type,SNOMED
719689005,Multiple epiphyseal dysplasia Beighton type,SNOMED
766717008,Multiple epiphyseal dysplasia due to collagen 9 anomaly,SNOMED
768935003,Multiple epiphyseal dysplasia Lowry type,SNOMED
715673002,Multiple epiphyseal dysplasia type 1,SNOMED
715672007,Multiple epiphyseal dysplasia type 4,SNOMED
715674008,Multiple epiphyseal dysplasia type 5,SNOMED
1363114004,Multiple epiphyseal dysplasia type 7,SNOMED
766750008,Multiple epiphyseal dysplasia with miniepiphyses,SNOMED
763893008,Multiple epiphyseal dysplasia with severe proximal femoral dysplasia,SNOMED
1208621008,Multiple mitochondrial dysfunctions syndrome type 4,SNOMED
1279890001,Multiple mitochondrial dysfunctions syndrome type 5,SNOMED
1279891002,Multiple mitochondrial dysfunctions syndrome type 6,SNOMED
254782003,Multiple progressive haemangiomata,SNOMED
24700007,Multiple sclerosis,SNOMED
192926004,Multiple sclerosis of the brainstem,SNOMED
192927008,Multiple sclerosis of the spinal cord,SNOMED
733028000,"Multiple sclerosis, ichthyosis, factor VIII deficiency syndrome",SNOMED
444197004,"Multiple system atrophy, Parkinson's variant",SNOMED
785298001,Muscle eye brain disease with bilateral multicystic leukodystrophy,SNOMED
111505001,"Muscle-eye-brain disease, congenital muscular dystrophy",SNOMED
73297009,Muscular dystrophy,SNOMED
240070002,Muscular dystrophy not predominantly limb girdle in distribution,SNOMED
240046001,Muscular dystrophy with predominantly proximal limb girdle distribution,SNOMED
1388530005,Musculoskeletal chronic graft versus host disease,SNOMED
410039003,Mycetoma,SNOMED
403112002,Mycetoma caused by Acremonium,SNOMED
403113007,Mycetoma caused by Curvularia lunata,SNOMED
403114001,Mycetoma caused by dermatophyte,SNOMED
403115000,Mycetoma caused by Exophiala jeanselmei,SNOMED
403116004,Mycetoma caused by Fusarium,SNOMED
403117008,Mycetoma caused by Leptosphaeria senegalensis,SNOMED
403118003,Mycetoma caused by Madurella grisea,SNOMED
403119006,Mycetoma caused by Madurella mycetomatis,SNOMED
403120000,Mycetoma caused by Neotestudina rosatii,SNOMED
403122008,Mycetoma caused by Pyrenochaeta romeroi,SNOMED
403121001,Mycetoma caused by Scedosporium boydii,SNOMED
95881004,Mycetoma of foot,SNOMED
871587002,Myocarditis due to Chaga disease,SNOMED
1263506002,Myoclonic disorder due to neuronal ceroid lipofuscinosis,SNOMED
230426003,Myoclonic epilepsy with ragged red fibres,SNOMED
726531007,Myofascial pain syndrome,SNOMED
56091000087103,Myofascial pain syndrome of left upper limb,SNOMED
279041008,Myofascial pain syndrome of lower back,SNOMED
113611000119100,Myofascial pain syndrome of lumbar spine,SNOMED
279030006,Myofascial pain syndrome of neck,SNOMED
56101000087108,Myofascial pain syndrome of right upper limb,SNOMED
41321000119101,Myofascial pain syndrome of thoracic spine,SNOMED
279036000,Myofascial pain syndrome of thorax,SNOMED
1373598005,Myofascial pain syndrome of upper limb,SNOMED
312898002,Myopic macular degeneration,SNOMED
16320791000119106,Myopic macular degeneration of bilateral eyes,SNOMED
16320871000119102,Myopic macular degeneration of left eye,SNOMED
16320831000119100,Myopic macular degeneration of right eye,SNOMED
1177122009,Myotonic dystrophy,SNOMED
9418005,Necrobiosis lipoidica,SNOMED
56391002,Necrobiosis lipoidica diabeticorum,SNOMED
66350002,"Necrobiosis lipoidica, granulomatous type",SNOMED
16238009,"Necrobiosis lipoidica, necrobiotic type",SNOMED
404164003,Necrobiotic xanthogranuloma,SNOMED
404165002,Necrobiotic xanthogranuloma with paraproteinaemia,SNOMED
10637871000119103,Necrosis of ankle muscle co-occurrent and due to chronic ulcer of ankle,SNOMED
10642231000119104,Necrosis of bone of buttock co-occurrent and due to chronic ulcer of buttock,SNOMED
10640911000119103,Necrosis of calf muscle co-occurrent and due to chronic ulcer of calf,SNOMED
10641511000119103,Necrosis of lower leg muscle co-occurrent and due to chronic ulcer of lower leg,SNOMED
10642151000119103,Necrosis of muscle of buttock co-occurrent and due to chronic ulcer of buttock,SNOMED
10642311000119101,Necrosis of sacral muscle co-occurrent and due to chronic ulcer of sacrum,SNOMED
721612007,Neonatal eosinophilic oesophagitis,SNOMED
773662009,Neonatal inflammatory skin and bowel disease,SNOMED
359629000,Neonatal progressive post haemorrhagic ventricular dilatation,SNOMED
232242004,Neurodermatitis of external ear,SNOMED
237984008,"Neurogenic muscle weakness, ataxia and retinitis pigmentosa",SNOMED
238796009,Neuroischaemic foot ulcer,SNOMED
42012007,Neuronal ceroid lipofuscinosis,SNOMED
1373563007,Neuronal ceroid lipofuscinosis type 1,SNOMED
1375924007,Neuronal ceroid lipofuscinosis type 10,SNOMED
1373775000,Neuronal ceroid lipofuscinosis type 11,SNOMED
1373777008,Neuronal ceroid lipofuscinosis type 13,SNOMED
1396397004,Neuronal ceroid lipofuscinosis type 14,SNOMED
1373561009,Neuronal ceroid lipofuscinosis type 2,SNOMED
1375926009,Neuronal ceroid lipofuscinosis type 3,SNOMED
1373768001,Neuronal ceroid lipofuscinosis type 4,SNOMED
1373771009,Neuronal ceroid lipofuscinosis type 5,SNOMED
1373773007,Neuronal ceroid lipofuscinosis type 6,SNOMED
1296784002,Neuronal ceroid lipofuscinosis type 6A,SNOMED
1373774001,Neuronal ceroid lipofuscinosis type 7,SNOMED
1373770005,Neuronal ceroid lipofuscinosis type 8,SNOMED
1156770004,Neuronal intestinal pseudo-obstruction,SNOMED
121021000119105,New daily persistent headache,SNOMED
1237228009,"Night blindness, skeletal anomalies, dysmorphism syndrome",SNOMED
1217379007,NKX6-2-related autosomal recessive hypomyelinating leukodystrophy,SNOMED
230279005,Non-Alzheimer's progressive dysphasia,SNOMED
724441006,Non-atherosclerotic chronic arterial occlusive disease,SNOMED
47595008,Non-filarial elephantiasis,SNOMED
1230017000,Non-recovering brachial plexus injury due to birth trauma,SNOMED
203375003,Non-traumatic acute-on-chronic slipped upper femoral epiphysis,SNOMED
203376002,Non-traumatic chronic slipped upper femoral epiphysis,SNOMED
800811001000119101,Nontraumatic acute-on-chronic slipped upper femoral epiphysis of left femoral head,SNOMED
907578001000119102,Nontraumatic acute-on-chronic slipped upper femoral epiphysis of right femoral head,SNOMED
1371156007,Nontraumatic chronic slipped upper femoral epiphysis of left femoral head,SNOMED
1371157003,Nontraumatic chronic slipped upper femoral epiphysis of right femoral head,SNOMED
699189004,North American Indian childhood cirrhosis,SNOMED
703526007,Northern epilepsy,SNOMED
768667002,Nucleotide binding oligomerization domain containing 2-associated autoinflammatory disease,SNOMED
123605001,Nutritional cirrhosis,SNOMED
1299151005,O'Sullivan McLeod syndrome,SNOMED
109819003,Obstructive biliary cirrhosis,SNOMED
233630006,Obstructive bronchiectasis,SNOMED
235954001,Obstructive chronic pancreatitis,SNOMED
16846004,Obstructive emphysema,SNOMED
713966008,Occult chronic type B viral hepatitis,SNOMED
770667002,Occult macular dystrophy,SNOMED
49691004,Occupational bronchitis,SNOMED
77097004,Oculopharyngeal muscular dystrophy,SNOMED
230252006,Oculopharyngeal spinal muscular atrophy,SNOMED
763829004,Oculopharyngodistal myopathy,SNOMED
722064003,Odontoleukodystrophy,SNOMED
1230308005,Off-periods in Parkinson disease not responding to oral treatment,SNOMED
202110002,Old anterior cruciate ligament disruption,SNOMED
202112005,Old capsular knee ligament disruption,SNOMED
202119001,Old complete tear medial collateral ligament,SNOMED
14949009,Old disruption of ligament of knee,SNOMED
56458007,Old disruption of ligament of knee other than collateral AND/OR cruciate ligaments,SNOMED
202108004,Old lateral collateral ligament disruption,SNOMED
202109007,Old medial collateral ligament disruption,SNOMED
202111003,Old posterior cruciate ligament disruption,SNOMED
309744003,Old tear of posterior horn of medial meniscus,SNOMED
234101005,Onchocercal elephantiasis,SNOMED
80574002,Opera glass deformity of hands,SNOMED
724733005,Oppositional defiant disorder co-occurrent with chronic irritability-anger,SNOMED
724734004,Oppositional defiant disorder co-occurrent with chronic irritability-anger with normal prosocial emotions,SNOMED
403567006,Oral lichen sclerosus,SNOMED
72776003,Orbital granuloma,SNOMED
234998009,Orofacial granulomatosis of gingivae,SNOMED
718685006,Orthostatic hypotension co-occurrent and due to Parkinson's disease,SNOMED
50108000,Osteochondrodysplasia with osteopetrosis,SNOMED
254125009,Osteomesopyknosis,SNOMED
10637791000119107,Osteonecrosis of ankle bone due to chronic ulcer of ankle,SNOMED
10640831000119104,Osteonecrosis of fibula due to chronic ulcer of calf,SNOMED
10642191000119108,Osteonecrosis of sacral bone due to chronic ulcer of sacrum,SNOMED
1926006,Osteopetrosis,SNOMED
205503007,Osteopetrosis - delayed type,SNOMED
254121000,Osteopetrosis - intermediate type,SNOMED
773730002,Osteopetrosis hypogammaglobulinaemia syndrome,SNOMED
254122007,Osteopetrosis with renal tubular acidosis,SNOMED
1295482007,Osteoporosis due to chronic kidney disease,SNOMED
49347007,Osteosclerosis,SNOMED
1237513008,Osteosclerotic metaphyseal dysplasia,SNOMED
69646003,Ozena,SNOMED
54287007,Ozena laryngis,SNOMED
1186728004,Paediatric multiple sclerosis,SNOMED
4981000,Panacinar emphysema,SNOMED
230402000,Panmural cystitis,SNOMED
783013001,Parana hard skin syndrome,SNOMED
88233000,Parapsoriasis,SNOMED
200981004,Parapsoriasis atrophicans,SNOMED
56253000,Parapsoriasis en plaques,SNOMED
200982006,Parapsoriasis herpetiformis,SNOMED
16341002,Parapsoriasis lichenoides,SNOMED
200984007,Parapsoriasis papulata,SNOMED
200985008,Parapsoriasis varioliformis,SNOMED
31898008,Paraseptal emphysema,SNOMED
33144001,Parasitic cirrhosis,SNOMED
49049000,Parkinson's disease,SNOMED
72585000,Parkinsonian syndrome with idiopathic orthostatic hypotension,SNOMED
127058009,Paroxysmal cold haemoglobinuria associated with tertiary syphilis,SNOMED
1228871002,PCNA-related progressive neurodegenerative photosensitivity syndrome,SNOMED
402238001,Pebbly lichenification,SNOMED
39402007,Pelvic congestion syndrome,SNOMED
240150006,Pelvis - chronic osteomyelitis,SNOMED
236521003,Penicillamine nephropathy,SNOMED
1269314004,Perforation of gallbladder due to chronic cholecystitis with calculus,SNOMED
39244004,Pericarditis due to myxoedema,SNOMED
361194002,Perinatal pulmonary fibroplasia,SNOMED
782752005,"Peripheral neuropathy, myopathy, hoarseness, hearing loss syndrome",SNOMED
193881001,"Peripheral pterygium, progressive",SNOMED
723151005,Permanent vegetative state,SNOMED
284591009,Persistent alcohol misuse,SNOMED
315249005,Persistent breast nodularity,SNOMED
1236806006,Persistent congenital anteversion of femur,SNOMED
713855000,Persistent corneal epithelial defect,SNOMED
691081000119102,Persistent cystitis,SNOMED
1153575004,Persistent depressive disorder,SNOMED
281855006,Persistent frank haematuria,SNOMED
1366434002,Persistent generalised lymphadenopathy,SNOMED
95892003,Persistent generalised lymphadenopathy caused by human immunodeficiency virus,SNOMED
1142048002,Persistent gestational proteinuria,SNOMED
281859000,Persistent haematuria,SNOMED
714814006,Persistent haematuria due to dense deposit disease,SNOMED
714816008,Persistent haematuria due to diffuse crescentic glomerulonephritis,SNOMED
714818009,Persistent haematuria due to diffuse endocapillary proliferative glomerulonephritis,SNOMED
714822004,Persistent haematuria due to diffuse membranous glomerulonephritis,SNOMED
714826001,Persistent haematuria due to diffuse mesangial proliferative glomerulonephritis,SNOMED
714820007,Persistent haematuria due to diffuse mesangiocapillary glomerulonephritis,SNOMED
714828000,Persistent haematuria due to focal segmental glomerulosclerosis,SNOMED
714824003,Persistent haematuria due to minor glomerular abnormality,SNOMED
762354003,Persistent headache due to and following injury of head,SNOMED
785723001,Persistent idiopathic facial pain,SNOMED
736256005,Persistent insect bite reaction,SNOMED
90575004,Persistent lanugo,SNOMED
762309004,Persistent left vestibulopathy following vestibular neuronitis,SNOMED
421305000,Persistent microalbuminuria due to type 1 diabetes,SNOMED
420715001,Persistent microalbuminuria due to type 2 diabetes,SNOMED
281857003,Persistent microscopic haematuria,SNOMED
405270006,Persistent mydriasis,SNOMED
193206003,Persistent neonatal myasthenia gravis,SNOMED
1156765006,Persistent onset antinuclear antibody negative juvenile idiopathic oligoarthritis,SNOMED
1156766007,Persistent onset antinuclear antibody positive juvenile idiopathic oligoarthritis,SNOMED
111752005,Persistent postoperative fistula,SNOMED
111539002,Persistent posttraumatic perforation of ear drum,SNOMED
240271006,Persistent prosthetic joint pain,SNOMED
420514000,Persistent proteinuria due to type 1 diabetes,SNOMED
421986006,Persistent proteinuria due to type 2 diabetes,SNOMED
762310009,Persistent right vestibulopathy following vestibular neuronitis,SNOMED
102882451000119106,Persistent tachycardia during pregnancy,SNOMED
24473007,Persistent vegetative state,SNOMED
238690006,Persisting cholinergic urticaria,SNOMED
195779005,Pharyngitis keratosa,SNOMED
195780008,Pharyngitis sicca,SNOMED
78208005,Pigment cirrhosis,SNOMED
197299004,Pigmentary portal cirrhosis,SNOMED
1230397006,Pigmented purpuric dermatosis,SNOMED
1217367007,PLAA-associated neurodevelopmental disorder,SNOMED
324007,Plaster ulcer,SNOMED
890181005,Podoconiosis,SNOMED
1172703004,POGLUT1-related limb girdle muscular dystrophy R21,SNOMED
772126000,Poikiloderma with neutropenia,SNOMED
1153332006,Polyarticular chronic gout caused by lead,SNOMED
1153351000,Polyarticular chronic primary gouty arthritis,SNOMED
16044751000119106,Polyarticular juvenile idiopathic arthritis,SNOMED
11244009,"Polyglandular autoimmune syndrome, type 1",SNOMED
1228849007,Polyglucosan body myopathy type 2,SNOMED
1367979004,Polyneuropathy associated with immunoglobulin M monoclonal gammopathy of uncertain significance,SNOMED
236550005,Polyserositis syndrome of dialysis,SNOMED
1279884000,POMGNT2-related limb girdle muscular dystrophy R24,SNOMED
1173997008,Pontine autosomal dominant microangiopathy with leukoencephalopathy,SNOMED
80432009,Porokeratosis of Mibelli,SNOMED
419728003,Portal cirrhosis,SNOMED
31097004,Post poliomyelitis syndrome,SNOMED
1340196008,Post selective serotonin re-uptake inhibitor sexual dysfunction,SNOMED
714252004,Post-mastectomy chronic pain syndrome,SNOMED
1343511009,Posterior cord syndrome due to Friedreich ataxia,SNOMED
1343507003,Posterior cord syndrome due to multiple sclerosis,SNOMED
27156006,Posthepatitic cirrhosis,SNOMED
1173998003,"Postnatal microcephaly, infantile hypotonia, spastic diplegia, dysarthria, intellectual disability syndrome",SNOMED
86454000,Postnecrotic cirrhosis,SNOMED
85039006,Postpartum amenorrhoea-galactorrhea syndrome,SNOMED
172734791000119103,Postpartum chronic deep vein thrombosis,SNOMED
118781000119108,Pre-existing hypertensive chronic kidney disease in mother complicating pregnancy,SNOMED
10757401000119104,Pre-existing hypertensive heart and chronic kidney disease in mother complicating childbirth,SNOMED
10757481000119107,Pre-existing hypertensive heart and chronic kidney disease in mother complicating pregnancy,SNOMED
721199003,Prepubertal lichen sclerosus of vulva,SNOMED
31712002,Primary biliary cholangitis,SNOMED
310101000119107,Primary chronic gout without tophus,SNOMED
309661000119108,Primary chronic gout without tophus of ankle and/or foot,SNOMED
309681000119104,Primary chronic gout without tophus of elbow,SNOMED
309701000119101,Primary chronic gout without tophus of hand,SNOMED
309721000119105,Primary chronic gout without tophus of hip,SNOMED
309741000119104,Primary chronic gout without tophus of knee,SNOMED
309901000119103,Primary chronic gout without tophus of multiple sites,SNOMED
310061000119109,Primary chronic gout without tophus of shoulder,SNOMED
310081000119100,Primary chronic gout without tophus of vertebra,SNOMED
310121000119103,Primary chronic gout without tophus of wrist,SNOMED
737305006,Primary chronic pain,SNOMED
35065006,Primary chronic pseudo-obstruction of colon,SNOMED
44516004,Primary chronic pseudo-obstruction of gastrointestinal tract,SNOMED
80761006,Primary chronic pseudo-obstruction of large intestine,SNOMED
52619009,Primary chronic pseudo-obstruction of oesophagus,SNOMED
19881001,Primary chronic pseudo-obstruction of small intestine,SNOMED
64376004,Primary chronic pseudo-obstruction of stomach,SNOMED
95417003,Primary fibromyalgia syndrome,SNOMED
1186726000,Primary hyperplasia of mandibular condyle,SNOMED
68779003,Primary IgA nephropathy,SNOMED
428700003,Primary progressive multiple sclerosis,SNOMED
716281000,Primary progressive non fluent aphasia,SNOMED
470753008,Progression of fetal left ventricular outflow tract obstruction,SNOMED
470752003,Progression of fetal right ventricular outflow tract obstruction,SNOMED
1144856004,Progressive alopecia,SNOMED
371806006,Progressive angina,SNOMED
230278002,Progressive aphasia,SNOMED
1142325003,Progressive atrophy of distal muscle,SNOMED
1237413006,"Progressive autosomal recessive cerebellar ataxia, sensorineural hearing loss syndrome",SNOMED
1003460001,Progressive avascular necrosis of bilateral lunate bones,SNOMED
787484007,Progressive avascular necrosis of lunate,SNOMED
230246005,Progressive bulbar palsy of childhood,SNOMED
230240004,Progressive cerebellar ataxia with hypogonadism,SNOMED
1208481000,Progressive cerebello-cerebral atrophy,SNOMED
1055230002,Progressive conductive hearing loss,SNOMED
267613004,Progressive cone dystrophy (without rod involvement),SNOMED
80328002,Progressive cone-rod dystrophy,SNOMED
302811004,Progressive congenital rubella encephalomyelitis,SNOMED
878889000,Progressive cribriform and zosteriform hyperpigmentation,SNOMED
715529009,Progressive deafness with stapes fixation,SNOMED
442511009,"Progressive encephalopathy with oedema, hypsarrhythmia and optic atrophy syndrome",SNOMED
770678005,"Progressive encephalopathy with oedema, hypsarrhythmia, and optic atrophy-like syndrome",SNOMED
1260130005,"Progressive essential tremor, speech impairment, facial dysmorphism, intellectual disability, abnormal behaviour syndrome",SNOMED
46252003,Progressive external ophthalmoplegia,SNOMED
764733009,"Progressive external ophthalmoplegia, myopathy, emaciation syndrome",SNOMED
1155913007,Progressive familial intrahepatic cholestasis type 1,SNOMED
1155841005,Progressive familial intrahepatic cholestasis type 2,SNOMED
1186865008,Progressive familial intrahepatic cholestasis type 3,SNOMED
1295517006,Progressive familial intrahepatic cholestasis type 4,SNOMED
1004072007,Progressive flexion contracture of joint,SNOMED
737228009,Progressive focal cortical atrophy,SNOMED
1052355003,Progressive hearing loss,SNOMED
1144271007,Progressive hypotrichosis,SNOMED
1268342009,Progressive internal resorption of tooth caused by bacteria,SNOMED
74162007,Progressive intrahepatic cholestasis,SNOMED
25913001,Progressive iris atrophy,SNOMED
754012901000119107,Progressive macular hypomelanosis,SNOMED
1142008005,Progressive microcephaly,SNOMED
1172900005,"Progressive microcephaly, seizures, cortical blindness, developmental delay syndrome",SNOMED
1354858008,"Progressive microcephaly, seizures, cortical blindness, developmental delay with combined immunodeficiency due to DIAPH1 mutation",SNOMED
816984002,Progressive multiple sclerosis,SNOMED
88923002,Progressive muscular atrophy,SNOMED
783064000,Progressive myoclonic epilepsy type 3,SNOMED
783055005,Progressive myoclonic epilepsy type 5,SNOMED
783062001,Progressive myoclonic epilepsy type 6,SNOMED
1208939001,Progressive myoclonic epilepsy type 7,SNOMED
783139000,Progressive myoclonic epilepsy type 8,SNOMED
1228857005,Progressive myoclonic epilepsy type 9,SNOMED
238859006,Progressive nodular fibrosis of skin,SNOMED
765141005,Progressive nodular histiocytosis,SNOMED
1119329003,Progressive peripheral neuropathy,SNOMED
338781000119107,Progressive peripheral pterygium of left eye,SNOMED
333171000119104,Progressive peripheral pterygium of right eye,SNOMED
64146000,Progressive pigmentary dermatosis of Schamberg,SNOMED
771305006,Progressive polyneuropathy with bilateral striatal necrosis,SNOMED
1119512002,Progressive ptosis of upper eyelid,SNOMED
724778008,Progressive relapsing multiple sclerosis,SNOMED
773576000,Progressive retinal dystrophy due to retinol transport defect,SNOMED
1217226000,Progressive scapulohumeroperoneal distal myopathy,SNOMED
897376007,Progressive sclerosis of base of skull,SNOMED
1187303004,"Progressive spondyloepimetaphyseal dysplasia, short stature, short fourth metatarsals, intellectual disability syndrome",SNOMED
192976002,Progressive supranuclear palsy,SNOMED
1156763004,Progressive supranuclear palsy corticobasal syndrome,SNOMED
1156764005,Progressive supranuclear palsy parkinsonism syndrome,SNOMED
1156761002,Progressive supranuclear palsy progressive non fluent aphasia,SNOMED
1144634000,Progressive symmetric demyelination of peripheral nerve,SNOMED
1119527002,Progressive visual impairment,SNOMED
192049004,Prolonged depressive adjustment reaction,SNOMED
1179689006,Prostatitis category II,SNOMED
1179692005,Prostatitis category IIIa,SNOMED
1179694006,Prostatitis category IIIb,SNOMED
770592009,Proton pump inhibitor responsive eosinophilic oesophagitis,SNOMED
1285639002,Protracted antidepressant withdrawal syndrome,SNOMED
735465007,Protracted bronchitis caused by bacterium,SNOMED
1197756002,Proximal myopathy with focal depletion of mitochondria,SNOMED
715317001,Proximal myotonic myopathy,SNOMED
1142327006,Proximal spinal muscular atrophy,SNOMED
254058002,Pseudodiastrophic dysplasia,SNOMED
402936008,Pseudomonal botryomycosis,SNOMED
1153344009,Pseudoxanthomatous nodular cutaneous mastocytosis,SNOMED
1052325005,Psoriasis exacerbated by human immunodeficiency virus infection,SNOMED
1187043002,"Psychomotor regression, oculomotor apraxia, movement disorder, nephropathy syndrome",SNOMED
719717006,Psychosis co-occurrent and due to Parkinson's disease,SNOMED
87433001,Pulmonary emphysema,SNOMED
708030004,Pulmonary emphysema co-occurrent with fibrosis of lung,SNOMED
233674008,Pulmonary emphysema in alpha-1 PI deficiency,SNOMED
361195001,Pulmonary fibroplasia,SNOMED
723829000,"Pulmonary fibrosis, hepatic hyperplasia, bone marrow hypoplasia syndrome",SNOMED
1303280001,PUM1-related cerebellar ataxia,SNOMED
84438001,Pure autonomic failure,SNOMED
230260007,Pure hereditary spastic paraplegia,SNOMED
111199007,Purpura pigmentosa chronica,SNOMED
1237421000,"PYCR2-related microcephaly, progressive leukoencephalopathy",SNOMED
89647000,Pyknodysostosis,SNOMED
735620006,Pyometra co-occurrent and due to chronic inflammatory disease of uterus,SNOMED
483228761000119106,Recurrent immunoglobulin A nephropathy,SNOMED
426373005,Relapsing remitting multiple sclerosis,SNOMED
16726004,Renal osteodystrophy,SNOMED
1217070004,Renal osteodystrophy due to hyperparathyroidism,SNOMED
897310009,Renal osteodystrophy with high bone turnover,SNOMED
897312001,Renal osteodystrophy with low bone turnover,SNOMED
897311008,Renal osteodystrophy with normal bone turnover,SNOMED
95223005,Retained old traumatic intraocular foreign body,SNOMED
200990006,Retiform parapsoriasis,SNOMED
783787000,Retinal vasculopathy with cerebral leukoencephalopathy and systemic manifestations,SNOMED
68618008,Rett's disorder,SNOMED
240058001,Reunion-Indiana Amish type muscular dystrophy,SNOMED
715401008,Reynolds syndrome,SNOMED
78031003,Rheumatic aortic regurgitation,SNOMED
72011007,Rheumatic aortic stenosis,SNOMED
17759006,Rheumatic aortic stenosis with regurgitation,SNOMED
1155721005,Rheumatic aortic valve obstruction,SNOMED
429347004,Rheumatic aortic valve sclerosis,SNOMED
12023003,Rheumatic disease of aortic valve,SNOMED
16063004,Rheumatic disease of heart valve,SNOMED
16440002,Rheumatic disease of mitral AND aortic valves,SNOMED
18687009,Rheumatic disease of pulmonary valve,SNOMED
49699002,Rheumatic disease of tricuspid valve,SNOMED
23685000,Rheumatic heart disease,SNOMED
91529004,Rheumatic heart valve failure,SNOMED
43121002,Rheumatic heart valve regurgitation,SNOMED
19036004,Rheumatic heart valve stenosis,SNOMED
28284007,Rheumatic heart valve stenosis with insufficiency,SNOMED
43736008,Rheumatic left ventricular failure,SNOMED
370141003,Rheumatic mitral AND aortic valve obstruction,SNOMED
59464004,Rheumatic mitral AND aortic valve regurgitation,SNOMED
31085000,Rheumatic mitral regurgitation,SNOMED
86466006,Rheumatic mitral stenosis,SNOMED
787001,Rheumatic mitral stenosis with regurgitation,SNOMED
44993000,Rheumatic mitral valve and aortic valve stenosis,SNOMED
286011000119101,Rheumatic mitral valve annular calcification,SNOMED
83898004,Rheumatic mitral valve disease,SNOMED
40023000,Rheumatic mitral valve failure,SNOMED
81552002,Rheumatic mitral valve insufficiency and aortic valve stenosis,SNOMED
250999000,Rheumatic mitral valve leaflet changes,SNOMED
1155719000,Rheumatic mitral valve obstruction,SNOMED
286031000119106,Rheumatic mitral valve prolapse,SNOMED
71799002,Rheumatic mitral valve stenosis AND aortic valve insufficiency,SNOMED
52048004,Rheumatic pulmonary valve failure,SNOMED
34126003,Rheumatic pulmonary valve insufficiency,SNOMED
91442002,Rheumatic pulmonary valve stenosis,SNOMED
85971001,Rheumatic pulmonary valve stenosis with insufficiency,SNOMED
194741006,Rheumatic tricuspid stenosis and insufficiency,SNOMED
16855001,Rheumatic tricuspid valve failure,SNOMED
67696008,Rheumatic tricuspid valve regurgitation,SNOMED
88318005,Rheumatic tricuspid valve stenosis,SNOMED
1156778006,Rheumatoid factor negative and anti-citrullinated protein antibody negative juvenile polyarthritis,SNOMED
1156779003,Rheumatoid factor negative and anti-citrullinated protein antibody positive juvenile polyarthritis,SNOMED
1156777001,Rheumatoid factor positive and anti-citrullinated protein antibody negative juvenile polyarthritis,SNOMED
1156774008,Rheumatoid factor positive and anti-citrullinated protein antibody positive juvenile polyarthritis,SNOMED
232344001,Rhinitis caseosa,SNOMED
95239003,Rhinitis medicamentosa,SNOMED
95240001,Rhinitis sicca,SNOMED
89024000,Riedel's thyroiditis,SNOMED
1091001000119104,Right chronic allergic otitis media,SNOMED
1091021000119108,Right chronic eustachian salpingitis,SNOMED
335941000119107,Right chronic lacrimal gland enlargement,SNOMED
335931000119103,Right chronic lacrimal mucocele,SNOMED
1091161000119104,Right chronic serosanguineous otitis media,SNOMED
335221000119108,Right essential iris atrophy,SNOMED
333441000119102,Right orbital granuloma,SNOMED
98067641000119101,Right peroneal vein chronic deep venous thrombosis,SNOMED
332881000119100,Right progressive external ophthalmoplegia,SNOMED
15628651000119100,Right Sorsby pseudoinflammatory fundus dystrophy,SNOMED
238984005,Rubeosis faciei due to diabetes,SNOMED
86680006,Ruptured emphysematous bleb of lung,SNOMED
1208934006,Sagliker syndrome,SNOMED
65984002,Salpingitis follicularis,SNOMED
36742000,Salpingitis isthmica nodosa,SNOMED
240074006,Scapulohumeral muscular dystrophy,SNOMED
230251004,Scapulohumeral spinal muscular atrophy,SNOMED
129620000,Scapuloperoneal muscular dystrophy,SNOMED
230248006,Scapuloperoneal spinal muscular atrophy,SNOMED
233677001,Scar emphysema,SNOMED
402415001,Schnitzler syndrome,SNOMED
402358003,Sclerodermoid chronic graft-versus-host disease,SNOMED
17568006,Sclerosteosis,SNOMED
232243009,Seborrhoeic otitis externa,SNOMED
12368000,Secondary biliary cirrhosis,SNOMED
1388715003,Secondary chronic eosinophilic pneumonia,SNOMED
710734008,Secondary chronic gout without tophus,SNOMED
722847000,Secondary chronic intestinal pseudo-obstruction,SNOMED
40391000119106,Secondary chronic nephritis,SNOMED
402239009,Secondary lichenification,SNOMED
1290666002,Secondary paediatric lymphoedema,SNOMED
35545005,Secondary pigmentary retinal degeneration,SNOMED
425500002,Secondary progressive multiple sclerosis,SNOMED
195958001,Segmental bullous emphysema,SNOMED
787094005,Segmental progressive overgrowth syndrome with fibroadipose hyperplasia,SNOMED
1142330004,Segmental spinal muscular atrophy,SNOMED
230288001,Semantic dementia,SNOMED
717266001,Sensory ataxic neuropathy with dysarthria and ophthalmoparesis syndrome,SNOMED
86850004,Serosanguineous chronic otitis media,SNOMED
1303459009,Severe bronchopulmonary dysplasia of newborn,SNOMED
277373000,Severe childhood autosomal recessive muscular dystrophy,SNOMED
14311001,Severe chronic ulcerative colitis,SNOMED
313299006,Severe COPD,SNOMED
1228876007,Severe early-onset pulmonary alveolar proteinosis due to MARS deficiency,SNOMED
778011005,Severe intellectual disability and progressive spastic paraplegia,SNOMED
774149004,"Severe intellectual disability, progressive postnatal microcephaly, midline stereotypic hand movements syndrome",SNOMED
1217372003,"Severe myopia, generalised joint laxity, short stature syndrome",SNOMED
773555005,Severe neurodegenerative syndrome with lipodystrophy,SNOMED
1208341008,Severe oculo-renal-cerebellar syndrome,SNOMED
10675671000119107,Severe persistent allergic asthma uncontrolled,SNOMED
10675711000119106,Severe persistent asthma uncontrolled co-occurrent with allergic rhinitis,SNOMED
240077004,Severe scapuloperoneal muscular dystrophy with cardiomyopathy,SNOMED
10675751000119107,Severe uncontrolled persistent asthma,SNOMED
721076000,Siegler Brewer Carey syndrome,SNOMED
230263009,Silver disease,SNOMED
291262006,Simple chronic anaemia,SNOMED
61937009,Simple chronic bronchitis,SNOMED
8211008,Simple chronic conjunctivitis,SNOMED
1601731000168104,Simple chronic silicosis,SNOMED
200861004,Skin changes due to chronic exposure to non-ionising radiation,SNOMED
52042003,"SLE glomerulonephritis syndrome, WHO class V",SNOMED
23854007,Small plaque parapsoriasis,SNOMED
1231732006,Smouldering systemic mastocytosis,SNOMED
397013007,Solitary cutaneous mastocytoma,SNOMED
193410003,Sorsby's fundus dystrophy,SNOMED
1255323007,"Spastic ataxia, dysarthria due to glutaminase deficiency",SNOMED
1360070001,"Spastic paraparesis, cataracts, speech delay syndrome",SNOMED
723622007,Spastic paraplegia type 2,SNOMED
715776003,Spastic paraplegia type 7,SNOMED
726622002,Spastic paraplegia with Paget disease of bone syndrome,SNOMED
732958004,Spastic paraplegia with precocious puberty syndrome,SNOMED
763403007,"Spastic paraplegia, facial cutaneous lesion syndrome",SNOMED
733455003,"Spastic paraplegia, glaucoma, intellectual disability syndrome",SNOMED
1260134001,"Spastic paraplegia, intellectual disability, nystagmus, obesity syndrome",SNOMED
733089005,"Spastic paraplegia, nephritis, deafness syndrome",SNOMED
763402002,"Spastic paraplegia, neuropathy, poikiloderma syndrome",SNOMED
725139005,"Spastic paraplegia, optic atrophy, neuropathy syndrome",SNOMED
1187278006,"Spastic paraplegia, severe developmental delay, epilepsy syndrome",SNOMED
230253001,Spinal and bulbar muscular atrophy,SNOMED
771238004,"Spinal atrophy, ophthalmoplegia, pyramidal syndrome",SNOMED
5262007,Spinal muscular atrophy,SNOMED
772129007,Spinal muscular atrophy with lower extremity predominance,SNOMED
703524005,Spinal muscular atrophy with progressive myoclonic epilepsy,SNOMED
770727008,Spinal muscular atrophy with respiratory distress type 2,SNOMED
723612001,"Spinal muscular atrophy, Dandy-Walker malformation, cataract syndrome",SNOMED
128212001,"Spinal muscular atrophy, type II",SNOMED
1208512000,Spinocerebellar ataxia type 41,SNOMED
1208513005,Spinocerebellar ataxia type 42,SNOMED
1208516002,Spinocerebellar ataxia type 43,SNOMED
1279840000,Spinocerebellar ataxia type 45,SNOMED
1279839002,Spinocerebellar ataxia type 46,SNOMED
789674008,SPOAN and SPOAN-related disorder,SNOMED
1286833006,Spondyloepimetaphyseal dysplasia with joint laxity Beighton type,SNOMED
1286834000,"Spondyloepimetaphyseal dysplasia with joint laxity, EXOC6B type",SNOMED
766820007,Spondyloepimetaphyseal dysplasia with multiple dislocations,SNOMED
1228860003,Spondyloepiphyseal dysplasia Stanescu type,SNOMED
702400006,Spondyloepiphyseal dysplasia with congenital joint dislocations,SNOMED
719205008,Spondylometaphyseal dysplasia with cone-rod dystrophy syndrome,SNOMED
724761004,Sporadic Parkinson disease,SNOMED
233819005,Stable angina,SNOMED
16754391000119100,Stable angina due to coronary arteriosclerosis,SNOMED
1371151002,Stable nontraumatic acute-on-chronic slipped upper femoral epiphysis,SNOMED
535894221000119108,Stable nontraumatic acute-on-chronic slipped upper femoral epiphysis of bilateral femoral heads,SNOMED
578592831000119100,Stable nontraumatic acute-on-chronic slipped upper femoral epiphysis of left femoral head,SNOMED
792667241000119104,Stable nontraumatic acute-on-chronic slipped upper femoral epiphysis of right femoral head,SNOMED
1371152009,Stable nontraumatic chronic slipped upper femoral epiphysis,SNOMED
634152221000119100,Stable nontraumatic chronic slipped upper femoral epiphysis of left femoral head,SNOMED
702721811000119101,Stable nontraumatic chronic slipped upper femoral epiphysis of right femoral head,SNOMED
238414007,Staphylococcal botryomycosis,SNOMED
153871000119102,Stasis dermatitis co-occurrent with venous ulcer of lower limb due to chronic peripheral venous hypertension,SNOMED
1197589000,Steel syndrome,SNOMED
77956009,Steinert myotonic dystrophy syndrome,SNOMED
236401002,Steroid-dependent minimal change glomerulonephritis,SNOMED
236400001,Steroid-resistant minimal change glomerulonephritis,SNOMED
236399008,Steroid-sensitive minimal change glomerulonephritis,SNOMED
403197009,Sun-induced wrinkles,SNOMED
765197008,Symptomatic form of muscular dystrophy of Duchenne and Becker in female carrier,SNOMED
16070004,Syphilitic cirrhosis,SNOMED
197305002,Syphilitic portal cirrhosis,SNOMED
201796004,Systemic onset juvenile chronic arthritis,SNOMED
1332542008,Systemic onset juvenile idiopathic arthritis of ankle,SNOMED
16041311000119107,Systemic onset juvenile idiopathic arthritis of bilateral ankles,SNOMED
16041391000119103,Systemic onset juvenile idiopathic arthritis of bilateral feet,SNOMED
16040431000119100,Systemic onset juvenile idiopathic arthritis of bilateral hands,SNOMED
16040871000119100,Systemic onset juvenile idiopathic arthritis of bilateral hips,SNOMED
16041111000119109,Systemic onset juvenile idiopathic arthritis of bilateral knees,SNOMED
16040911000119102,Systemic onset juvenile idiopathic arthritis of bilateral radiocarpal joints,SNOMED
1332547002,Systemic onset juvenile idiopathic arthritis of foot,SNOMED
1332548007,Systemic onset juvenile idiopathic arthritis of hand,SNOMED
1332551000,Systemic onset juvenile idiopathic arthritis of hip,SNOMED
16041191000119100,Systemic onset juvenile idiopathic arthritis of joint of bilateral shoulder regions,SNOMED
16040631000119102,Systemic onset juvenile idiopathic arthritis of joint of left shoulder region,SNOMED
16041431000119108,Systemic onset juvenile idiopathic arthritis of joint of right shoulder region,SNOMED
1332550004,Systemic onset juvenile idiopathic arthritis of joint of shoulder region,SNOMED
1290875003,Systemic onset juvenile idiopathic arthritis of knee,SNOMED
16040471000119102,Systemic onset juvenile idiopathic arthritis of left ankle,SNOMED
16040671000119104,Systemic onset juvenile idiopathic arthritis of left foot,SNOMED
16040591000119102,Systemic onset juvenile idiopathic arthritis of left hand,SNOMED
16041471000119106,Systemic onset juvenile idiopathic arthritis of left hip,SNOMED
16041351000119108,Systemic onset juvenile idiopathic arthritis of left knee,SNOMED
16040711000119100,Systemic onset juvenile idiopathic arthritis of left radiocarpal joint,SNOMED
1371292001,Systemic onset juvenile idiopathic arthritis of radiocarpal joint,SNOMED
16041231000119109,Systemic onset juvenile idiopathic arthritis of right ankle,SNOMED
16041031000119100,Systemic onset juvenile idiopathic arthritis of right foot,SNOMED
16040791000119109,Systemic onset juvenile idiopathic arthritis of right hand,SNOMED
16040951000119101,Systemic onset juvenile idiopathic arthritis of right hip,SNOMED
16041071000119102,Systemic onset juvenile idiopathic arthritis of right knee,SNOMED
16040751000119104,Systemic onset juvenile idiopathic arthritis of right radiocarpal joint,SNOMED
8214000,Telangiectasia macularis eruptiva perstans,SNOMED
724152009,Tendinosis,SNOMED
1290497008,Tendinosis of ankle region,SNOMED
1290494001,Tendinosis of elbow region,SNOMED
1290496004,Tendinosis of foot,SNOMED
1290498003,Tendinosis of knee region,SNOMED
16052591000119103,Tendinosis of left biceps brachii,SNOMED
16052711000119101,Tendinosis of left knee,SNOMED
16052631000119103,Tendinosis of left shoulder,SNOMED
298882861000119105,Tendinosis of left wrist,SNOMED
16052431000119101,Tendinosis of right biceps brachii,SNOMED
16052551000119108,Tendinosis of right knee,SNOMED
16052111000119100,Tendinosis of right shoulder,SNOMED
850531481000119100,Tendinosis of right wrist,SNOMED
1290495000,Tendinosis of shoulder region,SNOMED
1290106001,Tendinosis of wrist,SNOMED
236418003,Thin basement membrane disease,SNOMED
698846009,Tibial muscular dystrophy,SNOMED
234100006,Timorian elephantiasis,SNOMED
85375000,Tinea favosa,SNOMED
123604002,Toxic cirrhosis,SNOMED
233675009,Toxic emphysema,SNOMED
1208932005,Toxic maculopathy of bilateral eyes caused by antimalarial drug,SNOMED
197301006,Toxic portal cirrhosis,SNOMED
233631005,Toxin-induced bronchiectasis,SNOMED
19325002,Traction bronchiectasis,SNOMED
427419006,Transformed migraine,SNOMED
449777000,Transient infantile osteopetrosis,SNOMED
404649002,Traumatic mydriasis,SNOMED
724540009,Tropical calcific chronic pancreatitis,SNOMED
186266008,Tuberculous chronic iridocyclitis,SNOMED
72807002,Tuberculous polyserositis,SNOMED
231349391000119108,Ulcerative proctitis in remission,SNOMED
501913511000119109,Ulcerative rectosigmoiditis in remission,SNOMED
240062007,Ullrich congenital muscular dystrophy,SNOMED
780817000,Undifferentiated myeloproliferative disease,SNOMED
1204369007,Unexplained chronic cough,SNOMED
197291001,Unilobular portal cirrhosis,SNOMED
1371141003,Unstable nontraumatic acute-on-chronic slipped upper femoral epiphysis,SNOMED
967058351000119106,Unstable nontraumatic acute-on-chronic slipped upper femoral epiphysis of left femoral head,SNOMED
159849001000119100,Unstable nontraumatic acute-on-chronic slipped upper femoral epiphysis of right femoral head,SNOMED
1370994002,Upper gastrointestinal haemorrhage due to cirrhosis of liver,SNOMED
235659008,Uraemic gastritis,SNOMED
123584008,Urticaria perstans,SNOMED
34739009,"Urticaria pigmentosa, adult form",SNOMED
76621000,"Urticaria pigmentosa, infantile form",SNOMED
402416000,"Urticarial vasculitis with monoclonal IgM component, Schnitzler",SNOMED
359686005,Van Bogaert's sclerosing leukoencephalitis,SNOMED
23958009,Vanishing lung,SNOMED
153831000119100,Venous ulcer of lower limb due to chronic peripheral venous hypertension,SNOMED
1348331009,Vestibulodynia,SNOMED
403475002,Vulval intraepithelial neoplasia with lichen sclerosus,SNOMED
403565003,"Vulval lichen sclerosus, childhood form",SNOMED
238968009,Vulvodynia,SNOMED
111504002,Walker-Warburg congenital muscular dystrophy,SNOMED
64383006,Werdnig-Hoffmann disease,SNOMED
240060004,Western type of congenital muscular dystrophy,SNOMED
51577008,Wilson-Mikity syndrome,SNOMED
254066006,Wolcott-Rallison dysplasia,SNOMED
254131007,Worth disease,SNOMED
1156841003,X-linked complex hereditary spastic paraplegia,SNOMED
719836007,X-linked distal arthrogryposis multiplex congenita,SNOMED
766764008,X-linked distal spinal muscular atrophy type 3,SNOMED
1156836006,X-linked Emery-Dreifuss muscular dystrophy,SNOMED
724775006,X-linked hereditary spastic paraplegia,SNOMED
719156006,X-linked intellectual disability with hypogammaglobulinaemia and progressive neurological deterioration syndrome,SNOMED
240051007,X-linked limb girdle muscular dystrophy with normal dystrophin,SNOMED
240071003,X-linked muscular dystrophy not predominantly limb girdle,SNOMED
240048000,X-linked muscular dystrophy with abnormal dystrophin,SNOMED
240047005,X-linked muscular dystrophy with limb girdle distribution,SNOMED
773729007,X-linked myopathy with postural muscle atrophy,SNOMED
827172005,X-linked progressive cerebellar ataxia,SNOMED
1156842005,X-linked pure hereditary spastic paraplegia,SNOMED
784352007,X-linked scapuloperoneal muscular dystrophy,SNOMED
783697000,X-linked spastic paraplegia type 16,SNOMED
763370008,X-linked spastic paraplegia type 34,SNOMED
38898003,Xanthogranulomatous pyelonephritis,SNOMED
771475006,Young adult-onset distal hereditary motor neuropathy,SNOMED
715345007,Young onset Parkinson's disease,SNOMED
195959009,Zonal bullous emphysema,SNOMED
